nll_mean,nli_flag_gpt_label,nli_flag_ent_label,nll_ent_0,nll_ent_1,nll_ent_-1,mi_mean,nli_flag_ent_output,mi_ent_0,mi_ent_1,mi_ent_-1
0.034182042205243235,,-1,0.031891315019653164,,0.4717109346529469,,-1,,,
0.07076325251842519,,-1,0.07007548659039077,0.0008696111617609859,0.6674855947494507,,-1,,,
0.012595395635849252,,-1,0.012570655855583942,,0.031570807099342346,,-1,,,
0.11045791940911125,,1,0.10799847406728347,0.22605185047501664,,,-1,,,
0.022025224182518954,,1,0.022025224182518954,,,,1,,,
0.012697816779374094,,1,0.012697816779374094,,,,1,,,
0.03931919541519058,,-1,0.036234964125576245,0.04171442613005638,0.6270375062304083,,1,,,
0.024564361742657415,,1,0.02468074953304618,0.002334293778403662,,,1,,,
0.0926088837213938,,-1,0.09324597339319514,0.015305475681088865,0.004484534845687449,,-1,,,
0.021724240766747133,,1,0.021724240766747133,,,,1,,,
0.07459687809848958,,-1,0.06251857788943871,,1.917745489999652,,1,,,
0.03981659727117363,,-1,0.039791286520063154,,0.049510614946484566,,-1,,,
0.01660487529909223,,1,0.016637182021813645,0.004231400496792048,,,1,,,
0.20022080405014955,,-1,0.1878447747770424,2.7976318675403795,1.8632739782333374,,1,,,
0.06789666785631591,,-1,0.06581141500763178,0.0012186489766463637,0.4823281534627313,,-1,,,
0.020172784047487607,,1,0.020198870162704965,0.00016473367577418685,,,1,,,
0.21987167867276072,,-1,0.21428523313037284,,2.359480321407318,,-1,,,
0.02902870422364619,,1,0.02902870422364619,,,,-1,,,
0.030603527963520467,,-1,0.02621327063110491,3.3347854614257812,0.03884235873119905,,-1,,,
0.023480660471097536,,-1,0.02187672136747934,0.31437985825080733,0.0927398855532374,,-1,,,
0.009173863149961528,,1,0.008823573508556242,0.14333479580818675,,,-1,,,
0.011865567467163274,,1,0.011317588877961424,0.22174136713147163,,,-1,,,
0.17464570401310672,,-1,0.1735905289784212,,0.44371533785791445,,1,,,
0.08097112998180418,,-1,0.07712943100898713,0.0026171898934990168,0.6970192896798835,,-1,,,
0.006983798537954537,,1,0.006983798537954537,,,,1,,,
0.13689952516901135,,1,0.1370493228898112,0.07952699810266495,,,-1,,,
0.034779642654527265,,-1,0.03088012073853551,0.003416679712245241,3.1081032752990723,,1,,,
0.04167779318861461,,1,0.04167779318861461,,,,1,,,
0.016543615304652686,,-1,0.007277180733099027,0.010230664891423658,2.3775154416119526,,1,,,
0.050485022462432326,,-1,0.049585999663659217,0.42800114036072046,0.038522537674263425,,-1,,,
0.012544049663137713,,-1,0.01218845136483336,0.00040201989068009423,0.3442201018333435,,-1,,,
0.009066147975817765,,1,0.008251956331390564,0.3209015477914363,,,1,,,
0.0420058529575679,,1,0.0420058529575679,,,,1,,,
0.0865954003074787,,1,0.08692192798997578,0.024228612950537354,,,1,,,
0.0028998214372262985,,1,0.0028998214372262985,,,,1,,,
0.04708928454700848,,-1,0.0422894896310193,,1.2710369881242514,,1,,,
0.0680131078339065,,-1,0.06270500224160948,,1.0818612759626376,,1,,,
0.008981360153591966,,1,0.00886122294960266,0.027314297482359962,,,-1,,,
0.18469762619744579,,-1,0.13734942002791956,0.01440863178577274,3.498997263610363,,1,,,
0.044876264442234394,,1,0.044876264442234394,,,,1,,,
0.08104529129442402,,1,0.08104529129442402,,,,1,,,
0.1276455428144209,,-1,0.11502729900390936,0.28973019736198086,1.4245562349180025,,-1,,,
0.20842220859366498,,-1,0.20729489803043896,0.3330242820084095,0.30501217015516885,,-1,,,
0.1121184923776859,,-1,0.10330851801204093,0.004796308930963278,1.24740393832811,,-1,,,
0.02100005125407023,,-1,0.021053842994269135,,0.00039781475788913667,,1,,,
0.004627645394736035,,1,0.004627645394736035,,,,1,,,
0.007135882033973455,,1,0.007135882033973455,,,,1,,,
0.05768839291950911,,1,0.043253618961786706,2.8147302188444883,,,1,,,
0.009894448761155417,,1,0.009894448761155417,,,,1,,,
0.013335622904415109,,1,0.013206539990065732,0.046251766063505784,,,1,,,
0.012695381141214193,,1,0.01271148046944729,0.0003471963864285499,,,1,,,
0.005685730879606036,,1,0.0026662516786081316,1.1621462648618035,,,1,,,
0.11078600760467754,,-1,0.10274152028787714,,0.9853367001882621,,-1,,,
0.04181211853319766,,1,0.042010237327690804,0.003971428785007447,,,-1,,,
0.013216919598548907,,-1,0.01308070062737344,0.12930534780025482,0.0014722233172506094,,-1,,,
0.18373242948423454,,-1,0.1539476823809448,,1.7878538091899827,,-1,,,
0.07222119084383986,,-1,0.06544345818955918,,1.8005430176854134,,-1,,,
0.05981228084607437,,-1,0.059417058653374176,0.17961773627515262,0.0023456697817891836,,1,,,
0.06589321456203893,,-1,0.06506280346542499,0.030646124111566073,0.6420657597191166,,-1,,,
0.0240709846598115,,1,0.0240709846598115,,,,1,,,
0.026632044576677078,,-1,0.026188271371087837,,0.3670060932636261,,-1,,,
0.0256388912357887,,1,0.025690430700238395,0.005899276351556182,,,-1,,,
0.019373486765947707,,-1,0.018312364468995822,0.15522206155583262,0.42252519726753235,,-1,,,
0.05694112542130725,,1,0.05738579214387939,0.00046845165464522626,,,1,,,
0.012895427289635109,,1,0.012895427289635109,,,,1,,,
0.0199081185876618,,-1,0.01967513419816736,0.046791380387730896,0.04407095233892733,,-1,,,
0.02038228445250212,,1,0.02038228445250212,,,,1,,,
0.034908724094771415,,-1,0.025546637951942786,0.004112261929549277,3.6634564688429236,,1,,,
0.029890793220814043,,1,0.029890793220814043,,,,1,,,
0.07581080429110425,,-1,0.0707804620282571,0.03465058797155507,0.8651189580356003,,1,,,
0.11531236147727834,,1,0.11531236147727834,,,,1,,,
0.004642876525633592,,1,0.004384891108451582,0.022396963871704593,,,1,,,
0.057901909553968046,,-1,0.05184543458378337,1.6106991370470496,0.045548352011792304,,-1,,,
0.1873611906222378,,-1,0.1721059064000095,0.005996164936732384,1.2176564888989863,,-1,,,
0.019591798613041316,,-1,0.008688981791246247,,1.404249534981015,,1,,,
0.021723639116875876,,1,0.021723639116875876,,,,1,,,
0.032462112467313155,,1,0.032462112467313155,,,,1,,,
0.013671249312422399,,1,0.013568579981513035,0.05299360305070877,,,1,,,
0.08309977174398615,,1,0.08309977174398615,,,,1,,,
0.029970050533800457,,-1,0.027310097330357185,0.001173872034996748,0.7256822676087419,,-1,,,
0.023861321833577403,,1,0.02396937123866461,0.0032238854619208723,,,1,,,
0.125514476273325,,-1,0.12065346871781943,0.0009137352462857962,1.5247243808892865,,1,,,
0.008040747924172345,,1,0.00800364497419912,0.017502000167345006,,,1,,,
0.11489424196445874,,-1,0.11043402679559096,,0.6813415684106682,,1,,,
0.005274662722554169,,1,0.005274662722554169,,,,1,,,
0.03343341829608507,,-1,0.032414367061767486,,0.16285292505441853,,1,,,
0.03591234442599974,,-1,0.036359442444929044,0.0022079754061350185,0.0003513672563713044,,-1,,,
0.09996077178722433,,1,0.09968352283694543,0.152915321290493,,,1,,,
0.07733109291462863,,-1,0.07678185451648106,0.38202027743682265,0.02961641550064087,,-1,,,
0.08965745810342558,,1,0.09034589771356918,0.002225627615189296,,,1,,,
0.011755002609351806,,1,0.011755002609351806,,,,1,,,
0.005874587910746243,,1,0.005874587910746243,,,,1,,,
0.02151845627879349,,-1,0.02154252197831707,,0.0030600647442042828,,1,,,
0.021711052464875518,,-1,0.021733183545840074,,0.004736513365060091,,-1,,,
0.07299032879310374,,-1,0.06873460342067547,,0.8858338749269024,,-1,,,
0.021503885434022745,,-1,0.018461393298542555,,0.7973393799814706,,-1,,,
0.031574965358582695,,1,0.031574965358582695,,,,1,,,
0.08918203346391233,,-1,0.0834305918414534,,0.4849857887549495,,-1,,,
0.11239709050332003,,-1,0.0965982663717905,,2.523297652974725,,1,,,
0.042677100491504305,,-1,0.04043648716925043,,0.6140334976662416,,1,,,
0.04448627189438289,,-1,0.03644856638987195,0.44245477560504626,0.9313256740570068,,-1,,,
0.017201498789219134,,1,0.017201498789219134,,,,1,,,
0.014461251202074976,,-1,0.01309261459698563,,1.064205527305603,,-1,,,
0.024121738976586354,,-1,0.0240778278245742,0.015275091383955441,0.07540706545114517,,-1,,,
0.0728221440179393,,-1,0.07289541087489869,,0.04476093780249357,,1,,,
0.010069648783969617,,1,0.010069648783969617,,,,1,,,
0.09709717297262029,,-1,0.08450333056940033,0.00462748142932209,1.5461036033770401,,-1,,,
0.003529134481374522,,1,0.003526788193606684,0.005328737199306488,,,1,,,
0.03588986276269764,,-1,0.035983288168043685,,0.00010793251516361124,,1,,,
0.026252787801586425,,1,0.026286938443748336,5.924526340095326e-05,,,1,,,
0.08886845683543025,,-1,0.08860351024911811,,0.2920824885368347,,-1,,,
0.037059068602008104,,1,0.037147257175328505,0.0032828450202941895,,,1,,,
0.05604405785922436,,1,0.05604405785922436,,,,1,,,
0.011929606262926384,,-1,0.011940144695353384,,0.0038466285914182663,,-1,,,
0.02012022560292337,,1,0.012409761407774167,1.492818886876421,,,1,,,
0.03227055703022508,,1,0.032307857003269096,0.003661477705463767,,,-1,,,
0.011736853897656255,,1,0.011321895082513795,0.3300102651119232,,,1,,,
0.04178680584953772,,1,0.04178680584953772,,,,1,,,
0.007073911266706645,,1,0.007073911266706645,,,,1,,,
0.07181984415742153,,1,0.07226432541992561,0.0039920034992974255,,,1,,,
0.12253783123122435,,-1,0.09555885513913297,,1.6893937504257617,,-1,,,
0.04932757570526203,,-1,0.04861145331731139,0.03253029373663594,0.6789992451667786,,-1,,,
0.05611582783269616,,1,0.056184549796214255,0.0034060818143188953,,,-1,,,
0.02486888723631786,,1,0.02486888723631786,,,,1,,,
0.03946883828656548,,-1,0.039525058122464055,0.0035701703115288788,0.10421288758516312,,-1,,,
0.016473500619313224,,1,0.015277615298204978,0.19896560062043137,,,1,,,
0.1478252718513969,,-1,0.14896760732586267,,0.002748666594243332,,-1,,,
0.20508169345124294,,-1,0.1924374895363042,1.1180242067202926,1.8867091631206374,,-1,,,
0.0645872034799068,,-1,0.05466614872068952,,1.959508662490407,,-1,,,
0.009219157026426691,,1,0.009219157026426691,,,,1,,,
0.01199387073354193,,1,0.012018846486787466,0.002428157240501605,,,1,,,
0.19650392502708472,,-1,0.16688926326699038,0.9650713186232073,1.66313658823492,,-1,,,
0.016042866866941452,,-1,0.01606253005812627,,0.0009611992281861603,,1,,,
0.05077311208744876,,-1,0.049137591492538754,,0.25848422764101997,,-1,,,
0.07488570996448136,,1,0.07488570996448136,,,,1,,,
0.0506443370289554,,-1,0.048556188505577316,0.09984293451149522,0.48054871847853065,,-1,,,
0.03776361426609872,,1,0.03776361426609872,,,,1,,,
0.08480708076699983,,-1,0.06455408946466701,,2.286596563777753,,-1,,,
0.0951219525352928,,1,0.0952338332363544,0.009309454821050167,,,1,,,
0.016994181069806064,,1,0.016994181069806064,,,,1,,,
0.014973165732603988,,-1,0.0030167141891267514,1.0083670340129174,1.3882844429463148,,1,,,
0.026288023308972324,,-1,0.02632103974771414,,0.000964414793998003,,1,,,
0.02023498100811416,,1,0.02023498100811416,,,,1,,,
0.06928471807256524,,-1,0.05656343180305089,2.024247754656244,0.6896336196611325,,1,,,
0.1268737875085589,,-1,0.11838485120026994,0.058475899449755765,2.3514614978727573,,1,,,
0.02316877538574798,,-1,0.02288246914803751,,0.13282406442885986,,-1,,,
0.03173390095262896,,-1,0.03176762350399062,,0.005868704058229923,,-1,,,
0.010133735978732497,,1,0.010138653720314134,0.006361828185617924,,,-1,,,
0.05852336800475003,,-1,0.05781907644338945,0.05990057811141014,0.5966334939002991,,1,,,
0.038691940636812916,,-1,0.03787514245031044,0.15469798053381964,0.0810619592666626,,-1,,,
0.04155039650167621,,1,0.04155039650167621,,,,1,,,
0.039589174270489615,,-1,0.03963977893818735,,0.0007753941463306546,,-1,,,
0.00899368961925262,,-1,0.008656561401221074,0.016949218465015292,0.06923885073138081,,-1,,,
0.03960139205082965,,-1,0.03442739158573373,0.08944860608316958,0.9590589627623558,,-1,,,
0.004877924160920107,,1,0.004877924160920107,,,,1,,,
0.014667240262325501,,1,0.014667240262325501,,,,1,,,
0.06461303621834642,,-1,0.05322346698310346,,0.9279423842497636,,1,,,
0.004856397567502076,,1,0.003336939154790377,0.2950729543954367,,,-1,,,
0.020544551382496223,,1,0.017169348105595963,0.8812213869920621,,,1,,,
0.011530103485911289,,1,0.01046719607495665,0.2825714932793441,,,1,,,
0.03924459502648858,,1,0.03924459502648858,,,,1,,,
0.07704879706327183,,-1,0.06909274274617395,,0.9419855592506272,,-1,,,
0.017910550099048333,,-1,0.013720722215500308,0.03796453618997475,1.0539915751044948,,-1,,,
0.05505261812422013,,1,0.04999115997960644,0.5358911418625212,,,-1,,,
0.10803382523530185,,-1,0.09341329387123329,0.028728984529152513,1.1377137779596855,,-1,,,
0.010900609331222574,,1,0.01092209949117048,0.0026698780711740255,,,1,,,
0.04948196135273264,,-1,0.04821510290335349,0.0005424782866612077,0.4202034905611072,,1,,,
0.04552660200604978,,-1,0.03642716297848394,1.3394508976489305,0.39168200987624,,1,,,
0.03299662972921643,,-1,0.02483949276434532,0.001057184999808669,2.120993991692861,,1,,,
0.035479223390681845,,1,0.035479223390681845,,,,1,,,
0.08726206426960559,,1,0.08726206426960559,,,,1,,,
0.13762750620881134,,-1,0.13275553808274654,4.031659126281738,0.080344848955671,,-1,,,
0.02561826998700963,,1,0.02561826998700963,,,,1,,,
0.09080748942634582,,-1,0.08815789156532439,0.7647781757016977,0.09318819642066956,,-1,,,
0.007681576019612872,,1,0.007681576019612872,,,,1,,,
0.03398548145610706,,1,0.03398548145610706,,,,1,,,
0.01359802040045821,,1,0.01359802040045821,,,,1,,,
0.02661711976551177,,1,0.02661711976551177,,,,1,,,
0.01586329089366482,,1,0.01586329089366482,,,,1,,,
0.6366311391189688,,-1,0.5439959074795534,2.1691815022911345,2.3018652820498495,,-1,,,
0.00978697183187549,,1,0.00978697183187549,,,,1,,,
0.021780704565863118,,1,0.021852799311262276,0.0033965444890782237,,,1,,,
0.10374350633487477,,1,0.09904860367224516,3.7047338485717773,,,-1,,,
0.01990454249413472,,-1,0.007127047240535629,,3.2781658321619034,,1,,,
0.0050323748755213655,,1,0.0050323748755213655,,,,1,,,
0.02593204646810558,,1,0.02593204646810558,,,,1,,,
0.01201448772596514,,-1,0.011831605332584634,0.007091234438121319,0.0844286298379302,,1,,,
0.04852956473789938,,-1,0.04315322452945042,,0.8689590805472107,,-1,,,
0.02166899984449966,,1,0.01935687437487918,0.24132091945844536,,,1,,,
0.029861137285222366,,-1,0.029933535621010417,,0.0021325746783986688,,-1,,,
0.04620406488465889,,-1,0.042115170340531534,0.7074962412007153,0.20169741249022385,,1,,,
0.034266027623818474,,-1,0.02629076302883833,,2.067958499343755,,-1,,,
0.17251801149987797,,1,0.1670433890265408,1.5685467422008514,,,-1,,,
0.12078895492499046,,1,0.11490953450718591,1.6200411614651482,,,1,,,
0.012791426590351188,,1,0.012791426590351188,,,,1,,,
0.01886914778544598,,-1,0.018879430805962192,,0.010982071049511433,,-1,,,
0.011587054827142396,,1,0.011592831361949992,0.007156452629715204,,,1,,,
0.0038371119640251785,,1,0.002278063709504083,0.30161532857755446,,,1,,,
0.024393308242759797,,1,0.024393308242759797,,,,1,,,
0.011203599956691216,,1,0.011216087665528467,0.0016255272785201669,,,1,,,
0.05154867496621011,,1,0.05029855111957047,0.29032232967438176,,,-1,,,
0.05769069322037268,,-1,0.043122329104973545,0.9659140300936997,1.292678468550245,,1,,,
0.05874622756840253,,-1,0.05850022689929117,0.13872961713544404,0.006740570068359375,,1,,,
0.012387710830896145,,1,0.012387710830896145,,,,1,,,
0.01706723634078718,,1,0.01706723634078718,,,,1,,,
0.08126066584927649,,1,0.0814474896167331,0.00970716291340068,,,-1,,,
0.026070517138094235,,-1,0.02264840328210716,,1.3367401239811443,,1,,,
0.07013132031225015,,-1,0.0703254147862237,0.01984852353689348,0.12316842377185822,,-1,,,
0.07922486405700147,,-1,0.06670994629664484,0.9508738311414763,0.009536999627016485,,1,,,
0.21621591241591354,,-1,0.2178286730293775,0.1323784453406309,0.23940530512481928,,-1,,,
0.0515222160637722,,1,0.05163583160653874,0.008007463184185326,,,-1,,,
0.056832770711446066,,-1,0.023892512414861792,,12.672951698303223,,1,,,
0.021796908998654274,,-1,0.021261690330421804,,0.432309627532959,,1,,,
0.023587445359357417,,1,0.0214669806116606,0.34717036585789174,,,1,,,
0.01754135472039131,,1,0.01754135472039131,,,,1,,,
0.006878679762092925,,1,0.006878679762092925,,,,1,,,
0.00990035763195074,,1,0.00877252264429569,0.2974982794839889,,,-1,,,
0.10234632012190363,,1,0.10234632012190363,,,,1,,,
0.07377058797484241,,-1,0.06870635499104348,,0.45763944814680146,,1,,,
0.041716774870524866,,1,0.041716774870524866,,,,1,,,
0.014530787238201745,,-1,0.014543326515554369,,0.004913161508738995,,-1,,,
0.039710062953783286,,1,0.03981596358595388,0.012705401750281453,,,1,,,
0.04882691329961079,,-1,0.04899168082352946,,0.017356316231143865,,1,,,
0.07673187294649964,,-1,0.07410615011295153,0.505396047476097,0.1469550367910415,,-1,,,
0.02050066389226816,,-1,0.020350138002129443,0.030145561209792504,0.11636317521333694,,1,,,
0.08688642045679214,,-1,0.08689796457114572,0.07583742503193207,0.18863748013973236,,-1,,,
0.25646978926322106,,-1,0.24013909091705937,0.18368941069846706,1.1642193831586545,,-1,,,
0.009927983501359705,,1,0.009927983501359705,,,,1,,,
0.00793963956568966,,1,0.005056445635126203,2.2193493843078613,,,1,,,
0.009871808440828763,,1,0.009907701506397323,0.0007190767208461087,,,1,,,
0.13966420815090963,,-1,0.1345644611482278,,1.4400996938347816,,-1,,,
0.049100291353288604,,1,0.04881459290833972,0.08538399386179663,,,1,,,
0.4334064345367767,,-1,0.366920059373948,2.6952651254832745,3.4605764588962,,-1,,,
0.03212183849041613,,1,0.03219821913645217,0.002868051058612764,,,1,,,
0.039365121782446146,,1,0.039161261696164885,0.07830239826216712,,,1,,,
0.0027758869476800876,,1,0.0027758869476800876,,,,1,,,
0.02606072815735061,,1,0.02606072815735061,,,,1,,,
0.017184237955446473,,1,0.017184237955446473,,,,1,,,
0.3418458519406169,,-1,0.3475548631800167,0.002686900529988634,0.035607861393752195,,-1,,,
0.16854807218206305,,-1,0.1684369939482955,0.2283301404604572,0.037157964427024126,,1,,,
0.01695527457436204,,-1,0.000999639199061572,,2.4517852328452134,,-1,,,
0.04237827246605441,,-1,0.027652707641395997,0.0465702877069513,1.6351499998043957,,1,,,
0.1272683758293939,,-1,0.12341073868182523,,0.4525957752743529,,-1,,,
0.004351290542411827,,1,0.004351290542411827,,,,1,,,
0.1229062158159498,,-1,0.12321453510749265,,0.0048199271550402045,,-1,,,
0.013044421733232761,,1,0.01264787641173192,0.08878457813989371,,,-1,,,
0.03489715022144383,,-1,0.024955730576339645,,1.9337083024363437,,1,,,
0.005856956612834807,,1,0.005856956612834807,,,,1,,,
0.04183426451010656,,-1,0.04166566915814875,,0.17114689946174622,,1,,,
0.15848214038990585,,-1,0.1441472206621779,,1.9790169458113571,,1,,,
0.045057532392683314,,1,0.045057532392683314,,,,1,,,
0.05561311161662511,,-1,0.05548242553905996,,0.10566587932407856,,-1,,,
0.27982093223772725,,-1,0.2777077281269547,0.16172924841021086,0.6255348874256015,,-1,,,
0.05606036615226865,,1,0.05587304541288622,0.1997353732585907,,,1,,,
0.04352422990279573,,1,0.04352422990279573,,,,1,,,
0.14197389175461636,,-1,0.13498878876474857,0.2343085380529778,0.631731161278569,,-1,,,
0.03364532120389363,,1,0.03364532120389363,,,,1,,,
0.08263535281606886,,-1,0.0794773037326093,1.0181419548171107,0.0013548523012957502,,-1,,,
0.025377785458823965,,-1,0.0253670543565635,,0.03360854089260101,,-1,,,
0.027656178986491753,,1,0.027656178986491753,,,,1,,,
0.04479261085478411,,1,0.04467528460934015,0.08972856285981834,,,1,,,
0.00993925049713873,,1,0.00993925049713873,,,,1,,,
0.05255924288895386,,1,0.05255924288895386,,,,1,,,
0.01765739587940433,,-1,0.01597856388365075,,0.6606500502530253,,1,,,
0.006775503962465142,,1,0.00680203185196677,0.0017086770676542073,,,1,,,
0.005427786734779024,,1,0.0054343586642505775,0.0003871168300975114,,,1,,,
0.003592491694629274,,1,0.003592491694629274,,,,1,,,
0.006625795187033508,,1,0.006625795187033508,,,,1,,,
0.005042381117073447,,1,0.005042381117073447,,,,1,,,
0.003009374016930503,,1,0.002988149334499205,0.005704908685705353,,,1,,,
0.02115032054818992,,1,0.021170271005572987,0.005848319735378027,,,1,,,
0.0036568160403499896,,1,0.0036568160403499896,,,,1,,,
0.010054421598890547,,1,0.010080301597407719,0.00014238216681405902,,,1,,,
0.012580395834732508,,1,0.010850413619008127,0.276575681954273,,,1,,,
0.006910771112327296,,1,0.006910771112327296,,,,1,,,
0.004206509035437141,,1,0.0022729796951221097,0.16726748340200479,,,1,,,
0.006329169959271279,,1,0.006329169959271279,,,,1,,,
0.004438224903461574,,1,0.004470284941210896,0.00036660010929760273,,,1,,,
0.006538023007064335,,1,0.006538023007064335,,,,1,,,
0.0048722577051627525,,1,0.0048722577051627525,,,,1,,,
0.0039990219143071215,,1,0.0039990219143071215,,,,1,,,
0.008269497635019718,,1,0.008032679064885036,0.09897100999660324,,,1,,,
0.006528261709264053,,1,0.006534059634135301,0.00208125333301723,,,1,,,
0.0067470083429389165,,1,0.0067470083429389165,,,,1,,,
0.006618346658128142,,1,0.0066266322487411435,0.0002632986579556018,,,1,,,
0.004235730939165923,,1,0.004235730939165923,,,,1,,,
0.011038257398261328,,1,0.011038257398261328,,,,1,,,
0.0035233518867337685,,1,0.003524830266041274,0.0023894349578768015,,,1,,,
0.008838334984594335,,1,0.008847150942888262,0.002076494973152876,,,1,,,
0.008974463020760956,,1,0.008974463020760956,,,,1,,,
0.012807470916669672,,1,0.012855279493890646,0.0006162837253214093,,,1,,,
0.00533010775920791,,1,0.00533010775920791,,,,1,,,
0.005609034938413397,,1,0.005609034938413397,,,,1,,,
0.01031216498672786,,1,0.01031216498672786,,,,1,,,
0.008785807996908387,,1,0.008800287853798558,0.0032400228079723092,,,1,,,
0.01144248136157581,,1,0.01144248136157581,,,,1,,,
0.006645356179937186,,1,0.006645356179937186,,,,1,,,
0.023170979685818455,,1,0.02325913882532642,0.0006903991112873579,,,1,,,
0.010456739151745609,,1,0.010565043996024466,0.003633533962177656,,,-1,,,
0.0032381523470418707,,1,0.0032272762049018818,0.011580153368413448,,,1,,,
0.004067183421274952,,1,0.004067183421274952,,,,1,,,
0.007521478031563333,,1,0.007521478031563333,,,,1,,,
0.01080060316781147,,1,0.010801021037379094,0.010736836271792071,,,1,,,
0.003820831895154697,,1,0.003820831895154697,,,,1,,,
0.005119120737199741,,1,0.005150627297313095,0.0011177876028038252,,,1,,,
0.006786585067106721,,1,0.006786585067106721,,,,-1,,,
0.012540749319400746,,1,0.012540749319400746,,,,1,,,
0.011928939422486332,,1,0.009711037288866613,0.5774939834955148,,,1,,,
0.00720976491939614,,1,0.00720976491939614,,,,1,,,
0.007234438334256965,,1,0.007319358388049103,0.0007974982568129008,,,1,,,
0.01375670658923589,,1,0.01323815907310005,0.1127992821711814,,,-1,,,
0.014235515608940505,,1,0.014235515608940505,,,,1,,,
0.009952491266237354,,-1,0.009977691146853528,,0.0003009369902429171,,1,,,
0.004812344808061771,,1,0.004812344808061771,,,,1,,,
0.0038487159673271285,,1,0.0038487159673271285,,,,1,,,
0.01230563389558211,,1,0.01230563389558211,,,,1,,,
0.00809387776802654,,1,0.006160609251948193,0.25361897930997657,,,1,,,
0.021897395081222754,,1,0.021897395081222754,,,,1,,,
0.006608656650097207,,1,0.006608656650097207,,,,1,,,
0.02697593320653861,,1,0.02697593320653861,,,,1,,,
0.003032919301574566,,1,0.003032919301574566,,,,1,,,
0.00858765979274878,,1,0.00858765979274878,,,,1,,,
0.004706034365309956,,1,0.004706034365309956,,,,1,,,
0.02403908597747299,,1,0.02403908597747299,,,,1,,,
0.014206413855188652,,1,0.014241778577164518,0.0006617253384320065,,,1,,,
0.003592241832679468,,1,0.003592241832679468,,,,1,,,
0.005683428786425655,,1,0.0055323152926132985,0.0635598969165585,,,1,,,
0.006450170019903704,,1,0.006450170019903704,,,,1,,,
0.007616755299981293,,1,0.0076138082062212325,0.007865293540413,,,1,,,
0.02049326772415405,,1,0.02049326772415405,,,,1,,,
0.00405464631568601,,1,0.00405464631568601,,,,1,,,
0.03209660411158547,,1,0.030798861933659594,0.2301320604630746,,,-1,,,
0.006173892975085711,,1,0.006173892975085711,,,,1,,,
0.01394799831882132,,1,0.01379185316783654,0.07375159114599228,,,1,,,
0.003400673860433893,,1,0.003400673860433893,,,,1,,,
0.016073030416476303,,1,0.016064400498577713,0.022692177444696426,,,1,,,
0.0052647394624205646,,1,0.0052647394624205646,,,,1,,,
0.030512265208896494,,-1,0.023183311034784118,0.12222553580587762,0.871592442819383,,-1,,,
0.00849687651752736,,1,0.008513620105236024,0.006370440878527006,,,1,,,
0.010542980804623644,,1,0.010542980804623644,,,,1,,,
0.003914877552534908,,1,0.003914877552534908,,,,1,,,
0.006013699931681178,,1,0.005945354110731784,0.05843494459986687,,,1,,,
0.006479836275445905,,1,0.006479836275445905,,,,1,,,
0.005706703088319998,,1,0.0057127211040497675,0.001090885023586452,,,1,,,
0.0049538716616706795,,1,0.0049538716616706795,,,,1,,,
0.0059653475765533885,,1,0.0059653475765533885,,,,1,,,
0.005376458304166813,,1,0.005376458304166813,,,,1,,,
0.024487483206516576,,1,0.024487483206516576,,,,1,,,
0.005422328278263204,,1,0.0043426985368204395,0.17017382682242896,,,-1,,,
0.003185092921937619,,1,0.003185092921937619,,,,1,,,
0.004648403215203582,,1,0.004648403215203582,,,,1,,,
0.01649552962366337,,1,0.01653857087913665,1.0728777397162048e-05,,,1,,,
0.02752254927835196,,1,0.021342284681082003,0.6146476860189978,,,1,,,
0.01135612452963386,,1,0.01135612452963386,,,,1,,,
0.023672388567495872,,1,0.023672388567495872,,,,1,,,
0.01767526616465472,,1,0.0058252378781480435,3.039432479223857,,,1,,,
0.0038597062817255314,,1,0.0038597062817255314,,,,1,,,
0.0032454605245687182,,1,0.0032454605245687182,,,,1,,,
0.005251208017624502,,1,0.005257626167786332,0.00032848684350028634,,,1,,,
0.0030696773177367,,-1,0.0029875973380881545,0.006448179541985155,0.04872211068868637,,-1,,,
0.005176559547167041,,1,0.003818279900635542,0.15284096112009138,,,-1,,,
0.004332508661870331,,1,0.004337797239267982,0.00027616979787126184,,,1,,,
0.025900794881856964,,1,0.02596413304783707,0.0016422773114754818,,,1,,,
0.007654002535823305,,1,0.007654002535823305,,,,1,,,
0.021744719836318243,,1,0.02081401351562876,0.05330412507424336,,,-1,,,
0.011991412421069233,,1,0.011991412421069233,,,,1,,,
0.0071882987017820215,,1,0.0071882987017820215,,,,1,,,
0.005838876428510294,,1,0.003212024396004681,0.5075676146370824,,,-1,,,
0.0037296750189940533,,1,0.0037305725259475994,0.003041287185624242,,,1,,,
0.014844458187872908,,1,0.014270737047390701,0.23457965499255806,,,1,,,
0.010345061558535798,,1,0.010345061558535798,,,,1,,,
0.012706959073035687,,1,0.012706959073035687,,,,1,,,
0.006831829618488309,,1,0.006831829618488309,,,,1,,,
0.009152247299830663,,1,0.009152247299830663,,,,1,,,
0.03515167814048089,,1,0.03524269460219351,0.000292373304546345,,,1,,,
0.007720563356531447,,1,0.007720563356531447,,,,1,,,
0.00400417507405552,,1,0.00400417507405552,,,,1,,,
0.006354922944176167,,1,0.006354922944176167,,,,1,,,
0.006378193178232294,,1,0.005785759456850296,0.040784920843109904,,,1,,,
0.005493091843369176,,1,0.005109989605750381,0.07866561922855908,,,-1,,,
0.0062832753947937485,,1,0.0062832753947937485,,,,1,,,
0.0042048810722974395,,1,0.0042048810722974395,,,,1,,,
0.014140464558935658,,1,0.014140464558935658,,,,1,,,
0.01311284887742481,,1,0.013127548568649564,0.001838185708038509,,,1,,,
0.019419396644852444,,1,0.00739411338739862,0.8469775262714475,,,-1,,,
0.3141262589950517,,1,0.3198398928549759,0.027301839226856826,,,-1,,,
0.00558134340775851,,1,0.005595039146862123,0.00033587533107493073,,,1,,,
0.003178615382227079,,1,0.003177727099053613,0.0038599285762757063,,,1,,,
0.014664257840827588,,1,0.014664257840827588,,,,1,,,
0.004209990196258673,,1,0.004209990196258673,,,,1,,,
0.017684553652715113,,-1,0.014173424219164062,0.0005595854163402691,0.47040491111511074,,1,,,
0.015175588463657519,,1,0.015191620614774363,0.002878928557038307,,,1,,,
0.055172507302811535,,1,0.04717644606961521,1.5824202028433092,,,1,,,
0.013060666104090402,,1,0.013077616798271187,5.94836674281396e-05,,,1,,,
0.02453603449033359,,1,0.02456784600268338,0.00013660451804753393,,,1,,,
0.020811123852716662,,1,0.020811123852716662,,,,1,,,
0.005400127802259291,,1,0.005406619548299356,0.0004209585895296186,,,1,,,
0.005783052097248979,,1,0.005726508836771387,0.02020158351903471,,,1,,,
0.0034054937703628476,,1,0.0034054937703628476,,,,1,,,
0.0037637402130214306,,1,0.0037637402130214306,,,,1,,,
0.007834409408694398,,1,0.004986643540974744,0.7340147056772063,,,1,,,
0.01617942904067308,,1,0.015469222345283421,0.08364906510269066,,,1,,,
0.022830872235440818,,1,0.022830872235440818,,,,1,,,
0.006546085410212991,,1,0.006546085410212991,,,,1,,,
0.006523627394827851,,1,0.006523627394827851,,,,1,,,
0.006834813162649667,,1,0.006834813162649667,,,,1,,,
0.0033638020880513153,,1,0.0033638020880513153,,,,1,,,
0.003016503581807939,,1,0.003016503581807939,,,,1,,,
0.006361813026127668,,1,0.006361813026127668,,,,1,,,
0.03325922850078141,,1,0.03325922850078141,,,,1,,,
0.012140701842262422,,-1,0.01217537307291161,0.001578157884068787,0.004160228098044172,,1,,,
0.03108053129535075,,1,0.03108053129535075,,,,1,,,
0.020483114312915458,,-1,0.012932942691273444,0.004046429627730201,0.7410818607677356,,-1,,,
0.009201781274894572,,1,0.009201781274894572,,,,-1,,,
0.011608079839711275,,-1,0.007217323868377837,0.014997190400026738,3.340418577194214,,-1,,,
0.00678536869174214,,1,0.006794185796283477,2.2649508537142538e-05,,,1,,,
0.005448850912935714,,1,0.005458152075247242,0.0018865057476205038,,,1,,,
0.005554574948899808,,1,0.005554574948899808,,,,1,,,
0.004897525166125405,,1,0.004897525166125405,,,,1,,,
0.005741590871043201,,1,0.005742032058405138,0.005403200164437294,,,1,,,
0.008297536859857383,,1,0.008297536859857383,,,,1,,,
0.007546239718125847,,1,0.004147416066864139,0.4391968434283626,,,1,,,
0.003765929728784201,,1,0.00356512819993651,0.025595924507797463,,,1,,,
0.004455120329935151,,1,0.0044555231020922,0.004146194085478783,,,1,,,
0.008381193216010274,,1,0.008381193216010274,,,,1,,,
0.013890325765910797,,-1,0.008258237521059905,,0.873346991930157,,1,,,
0.002364166278014205,,1,0.002364166278014205,,,,1,,,
0.007475581686086604,,1,0.007475581686086604,,,,-1,,,
0.018591353323538822,,1,0.018591353323538822,,,,1,,,
0.005588911637315046,,1,0.005588911637315046,,,,1,,,
0.0055634811215270474,,1,0.0055634811215270474,,,,1,,,
0.010282981963706325,,1,0.010282981963706325,,,,1,,,
0.004175246763528169,,1,0.004168936291005672,0.005138224870461272,,,1,,,
0.0034856420826117804,,1,0.0034901210096371232,5.030505417380482e-05,,,1,,,
0.008322016908001236,,1,0.008322016908001236,,,,1,,,
0.007324703376324848,,1,0.0046462291846891615,1.0331803187727928,,,1,,,
0.015892684283040543,,1,0.015892684283040543,,,,1,,,
0.005239560686118712,,1,0.005199588591254676,0.01543244487644794,,,-1,,,
0.00375960554879029,,1,0.00375960554879029,,,,1,,,
0.003741184150350444,,1,0.003741184150350444,,,,1,,,
0.006646247157205447,,1,0.006646247157205447,,,,1,,,
0.006658570147662246,,1,0.006658570147662246,,,,1,,,
0.01581188106555646,,1,0.01581188106555646,,,,1,,,
0.0137016704655372,,-1,0.008114762101939323,,1.4383633031829959,,1,,,
0.006743546868300736,,1,0.006752323123313037,1.2159273865108844e-05,,,1,,,
0.025582330301135176,,1,0.025582330301135176,,,,1,,,
0.02372275473995759,,1,0.02372275473995759,,,,-1,,,
0.010908521195861573,,1,0.010908521195861573,,,,1,,,
0.00830410007915224,,-1,0.004090891098518624,0.03255009816166421,3.0121617317199707,,1,,,
0.019822741832113227,,1,0.019925139492675256,0.0002647886647650921,,,1,,,
0.01510294885259933,,1,0.015122618963336134,1.597391747054644e-05,,,1,,,
0.0033162275972700903,,1,0.0033162275972700903,,,,1,,,
0.009024161953751886,,1,0.009024161953751886,,,,1,,,
0.014202280296058115,,1,0.014214083532735252,0.005149197764694691,,,1,,,
0.002540353202261869,,1,0.0012703249855617782,0.19634665907069576,,,1,,,
0.003570318457266334,,1,0.0035636842935299964,0.008658722043037415,,,1,,,
0.014229278057183473,,1,0.014271752844288107,0.00774762554501649,,,1,,,
0.00637963658046677,,1,0.006383148564647755,0.003685944713652134,,,1,,,
0.025391121134457368,,1,0.025391121134457368,,,,1,,,
0.0030407436357625293,,1,0.0030407436357625293,,,,1,,,
0.008569481135365228,,1,0.008531820714888692,0.018172888356881838,,,1,,,
0.010306910325825314,,1,0.00962727698133832,0.06762265571089504,,,-1,,,
0.02494614858465442,,1,0.02494614858465442,,,,1,,,
0.008920947315974223,,1,0.008961540316556082,0.002726455427182373,,,1,,,
0.003438489219247387,,1,0.0034451045205479056,0.0009048288211488398,,,1,,,
0.01231054022960798,,1,0.01235397429298103,0.0012348540694802068,,,-1,,,
0.00666836146085507,,1,0.00666836146085507,,,,1,,,
0.02294545841870625,,-1,0.022852320697152994,0.0007539974855414281,0.16067706048488617,,-1,,,
0.030656205230729466,,1,0.029778763491156175,0.2544038488219182,,,-1,,,
0.008184738520953388,,1,0.008195372792554025,2.825220326485578e-05,,,1,,,
0.007116160872367179,,1,0.007116160872367179,,,,1,,,
0.02861965166451874,,1,0.02861965166451874,,,,1,,,
0.004011486674762921,,1,0.0039636150308045995,0.016218755884134833,,,-1,,,
0.0033415299659189657,,1,0.0033455130062049416,0.0002865380665753037,,,1,,,
0.010271561374098681,,1,0.010276160690653275,0.006743885576725006,,,1,,,
0.006140566476859714,,1,0.006140566476859714,,,,1,,,
0.006157797402697322,,1,0.006157797402697322,,,,1,,,
0.019978998636299632,,1,0.020030565746241593,0.00022879552852828056,,,1,,,
0.06240105616161588,,1,0.06240105616161588,,,,1,,,
0.009106095002469061,,1,0.009075656067137687,0.03245275840163231,,,1,,,
0.004634216392653674,,1,0.004634216392653674,,,,1,,,
0.0266267232739269,,-1,0.015103884538267961,2.4377710346357162e-05,8.894803047180176,,1,,,
0.01661907790365443,,1,0.01661907790365443,,,,1,,,
0.0060388804064750445,,1,0.0060388804064750445,,,,1,,,
0.004015139483267187,,1,0.004015139483267187,,,,1,,,
0.016261219056960503,,1,0.016261219056960503,,,,1,,,
0.02613728677840636,,-1,0.021153374831825607,0.0016262579908167634,0.6688576624146663,,-1,,,
0.016935067764954088,,1,0.0170060330294993,0.006105768395354971,,,1,,,
0.010773925387395522,,1,0.010773925387395522,,,,1,,,
0.03989320479368441,,1,0.039944428107171775,0.0006049233488738537,,,1,,,
0.009557220925255313,,1,0.005925008518788889,0.2051778033878041,,,1,,,
0.008378870803884553,,1,0.008378870803884553,,,,1,,,
0.007306524334657283,,1,0.0012868643830212154,1.5423198120018544,,,1,,,
0.005041200673884323,,1,0.005041200673884323,,,,1,,,
0.026243557607260826,,1,0.02151350396231718,0.13159475242646018,,,-1,,,
0.010425996216422817,,-1,0.010452270261096033,,0.0003630371065810323,,-1,,,
0.008888065205362375,,1,0.008706039834907992,0.03666513673670124,,,-1,,,
0.008654959015503986,,1,0.008654959015503986,,,,1,,,
0.013613598977491037,,1,0.01366571312585507,0.0003244911446624125,,,1,,,
0.013779014490208278,,1,0.01379517733747008,0.0013821106404066086,,,1,,,
0.012760531830268226,,1,0.0126667828778062,0.02706662197597325,,,1,,,
0.017307631467167777,,1,0.017321324352516872,0.013815945703148222,,,1,,,
0.021674436168832283,,1,0.021699984334311907,0.002078993245959282,,,1,,,
0.00702898624087922,,1,0.0070373375807117325,0.0006235085893422365,,,1,,,
0.0028531975835726087,,1,0.002858944243008568,0.0006522270196001045,,,1,,,
0.015278637062886347,,1,0.008112731776761875,0.7943149117401325,,,1,,,
0.07371296439583593,,-1,0.0716516433705361,0.24185819855322027,0.12288719415664673,,-1,,,
0.00617913406562091,,1,0.00617913406562091,,,,1,,,
0.004908952134726974,,1,0.004908952134726974,,,,1,,,
0.007316943076624227,,1,0.00732151827605122,0.006150267222740998,,,1,,,
0.01029293702894248,,1,0.01029293702894248,,,,1,,,
0.003564763635944009,,1,0.003564763635944009,,,,1,,,
0.0031587088258433482,,1,0.0031587088258433482,,,,1,,,
0.004067826576638585,,1,0.004072816992153696,0.0002401778765488416,,,1,,,
0.01786411208761507,,1,0.017862250304937443,0.01929209940135479,,,1,,,
0.011858749668086263,,1,0.011888158800901655,0.0005950517997916904,,,1,,,
0.0057329061633311085,,1,0.0057329061633311085,,,,1,,,
0.005313682625554132,,1,0.005313682625554132,,,,1,,,
0.003595731114673484,,1,0.003595731114673484,,,,1,,,
0.006439371928084488,,1,0.006439371928084488,,,,1,,,
0.00439504157180437,,1,0.004397809023492115,0.0022724061273038387,,,1,,,
0.015723431470247462,,-1,0.014092421092122748,0.00044169042666908354,0.440731565002352,,1,,,
0.01255590217608867,,1,0.01255590217608867,,,,1,,,
0.008061069136396398,,1,0.00808196956749432,5.62040258920149e-05,,,1,,,
0.005285262555695169,,1,0.003926758186742983,0.5255924358643824,,,1,,,
0.01284095395934711,,1,0.012089614290718437,0.1274953873920822,,,-1,,,
0.006142077550078895,,1,0.006148701508121959,0.0044529682490974665,,,1,,,
0.024138368033404706,,1,0.024138368033404706,,,,1,,,
0.013297839367741204,,1,0.013297839367741204,,,,1,,,
0.005335477929112524,,1,0.005335477929112524,,,,1,,,
0.004104144528274863,,1,0.004119256090718433,0.000250696105164631,,,1,,,
0.012944655300497487,,1,0.01296098749716349,0.00041786045767366886,,,1,,,
0.0029433659591736236,,1,0.0029433659591736236,,,,1,,,
0.009845892040241703,,1,0.009910013402903256,0.0017024789822244202,,,1,,,
0.011285972325718893,,1,0.011369862149488503,0.0006319647069782756,,,1,,,
0.004696641344483036,,1,0.004696641344483036,,,,1,,,
0.005100690506251837,,1,0.005100690506251837,,,,1,,,
0.011750876102268363,,1,0.011820044577401293,0.006507905687192306,,,1,,,
0.009730270575300182,,1,0.009730270575300182,,,,1,,,
0.005247595474109208,,1,0.005247595474109208,,,,1,,,
0.026361582362313857,,1,0.026361582362313857,,,,1,,,
0.00725266603008438,,1,0.007275658098316036,0.003744076417933684,,,1,,,
0.010505729638483174,,1,0.010505729638483174,,,,1,,,
0.006879374158149432,,1,0.006879374158149432,,,,1,,,
0.01324654697497015,,1,0.01324654697497015,,,,1,,,
0.02272735701757937,,1,0.022572407226028657,0.08207312718150206,,,-1,,,
0.010797271046235105,,1,0.01027118480414443,0.4143054187297821,,,-1,,,
0.016254367916876806,,-1,0.016142291595728733,0.022685827740815512,0.03174675751946173,,-1,,,
0.010869212463662237,,1,0.010400410108064568,0.07040711162456621,,,1,,,
0.019012783107810922,,1,0.019012783107810922,,,,1,,,
0.010802944632307169,,-1,0.010720170606350169,0.015379938067174711,0.018373413011431694,,-1,,,
0.014689398598076645,,-1,0.013249536937781274,0.02689128601923585,0.5115894181653857,,1,,,
0.019310225494062177,,-1,0.01881332303442077,,0.20962386753672035,,-1,,,
0.018357700372472863,,1,0.018357700372472863,,,,1,,,
0.018048862641796504,,1,0.018048862641796504,,,,1,,,
0.01324159847380546,,-1,0.013351197733503477,0.004737295890403662,0.001413738460314562,,-1,,,
0.024751303203662662,,1,0.014914529102043758,1.5258430311107076,,,1,,,
0.01866629396322524,,-1,0.015808175456946637,0.1252327408712972,0.07379231043159962,,-1,,,
0.0552728414449728,,1,0.055339714556214954,0.003981165122240782,,,1,,,
0.010465518611439961,,1,0.009647326903370015,0.09941464573161543,,,1,,,
0.010966924490822668,,1,0.010028171126932101,0.19026881699392106,,,1,,,
0.014954351471873887,,1,0.014954351471873887,,,,-1,,,
0.006317547370273384,,1,0.004182065869053867,0.4141945141032011,,,1,,,
0.06933767393274486,,-1,0.04026288631471637,0.6706720526113837,0.5489076872666677,,-1,,,
0.030733029656463035,,-1,0.02755162954054729,,2.4708669185638428,,1,,,
0.010370542103946908,,1,0.010395632110548142,0.0007610695756739005,,,1,,,
0.013972778366834268,,1,0.014035001697756585,0.002088122160671446,,,1,,,
0.015132681570623419,,1,0.014567409021449877,0.12309973846276989,,,-1,,,
0.014823271486151294,,1,0.014807784821230817,0.026701543480157852,,,1,,,
0.01952924369614924,,-1,0.007199545910901015,,4.74180349544622,,1,,,
0.017411729855917695,,1,0.017431542963937032,0.0022150760050863028,,,1,,,
0.0285575923952468,,1,0.0285867643395616,0.0061827111057937145,,,1,,,
0.013312620540236372,,-1,0.01116783406428767,0.557727319537662,0.018685391172766685,,1,,,
0.0629825781007618,,1,0.0629825781007618,,,,1,,,
0.005215442337519842,,1,0.005215442337519842,,,,1,,,
0.003921244351007047,,1,0.00392559311539955,0.0005857420619577169,,,-1,,,
0.00524075817868308,,1,0.00524075817868308,,,,1,,,
0.004889718511633963,,1,0.004889718511633963,,,,1,,,
0.026573154155602907,,-1,0.014210313135360687,,1.9131426938445657,,1,,,
0.008030081143245363,,1,0.008030081143245363,,,,1,,,
0.014640015024032374,,1,0.014640015024032374,,,,1,,,
0.012843408000883905,,1,0.012843408000883905,,,,1,,,
0.004216393942355623,,1,0.004216393942355623,,,,1,,,
0.018039911477059228,,1,0.018039911477059228,,,,1,,,
0.0115602412526948,,1,0.0115602412526948,,,,1,,,
0.022009302544731213,,1,0.022009302544731213,,,,1,,,
0.005210459240515775,,1,0.005210459240515775,,,,-1,,,
0.007742342985766815,,1,0.007802224020098387,0.00013745162565707383,,,1,,,
0.021213804337405644,,1,0.02147769803979472,0.001210661696313764,,,1,,,
0.004588554189766707,,1,0.004588554189766707,,,,1,,,
0.006084774124224405,,1,0.006084774124224405,,,,1,,,
0.010879429735303129,,1,0.010892844391426744,0.0005903884884901345,,,1,,,
0.006298923387392463,,1,0.006305089869939772,0.0015692312736064196,,,1,,,
0.014675567165289985,,1,0.014675567165289985,,,,1,,,
0.020021388497047116,,1,0.02004605777262715,0.001100054127164185,,,1,,,
0.013494808899753963,,1,0.013509109732447096,0.002526070224121213,,,1,,,
0.04193903394346421,,-1,0.042298240100284046,0.0003019039912032895,0.009353916154168473,,1,,,
0.010227161784412667,,-1,0.005811779267851674,,3.3968255519866943,,1,,,
0.004157926793967093,,1,0.0041630828508177455,0.00020323118951637298,,,1,,,
0.003876122618474772,,1,0.003876122618474772,,,,1,,,
0.008691643905218408,,1,0.008691643905218408,,,,1,,,
0.0062944368053461375,,1,0.0062944368053461375,,,,1,,,
0.11211873467289823,,-1,0.08576149181500012,0.6577832643138967,0.5409761659490565,,-1,,,
0.007890071454369263,,1,0.007890071454369263,,,,1,,,
0.007497205044283935,,1,0.006877542359005325,0.034871715435121374,,,-1,,,
0.00907706671169232,,1,0.006824406520674016,0.8718459198717028,,,1,,,
0.022393539375694143,,1,0.022393539375694143,,,,1,,,
0.006189364724338731,,1,0.006189364724338731,,,,1,,,
0.011139407181872821,,1,0.011139407181872821,,,,1,,,
0.01158766123816631,,1,0.01158766123816631,,,,1,,,
0.01212044313901591,,1,0.01212044313901591,,,,1,,,
0.007417250323554707,,1,0.007417250323554707,,,,1,,,
0.0031920518717321045,,1,0.0031920518717321045,,,,1,,,
0.008050385362305216,,1,0.007834310154360001,0.0410234620947449,,,-1,,,
0.0030592971793173738,,-1,0.002498317485594127,0.05557211427367292,0.05869312951108441,,-1,,,
0.028703141010598898,,1,0.028703141010598898,,,,1,,,
0.008996822996446477,,1,0.009039013964199526,0.0009383481556142215,,,1,,,
0.010062661016281874,,1,0.010071869118833253,0.003000046359375119,,,1,,,
0.003986654573697734,,1,0.003998778695186166,0.0008950035941476623,,,1,,,
0.01918446707021045,,1,0.01918446707021045,,,,1,,,
0.015404590868721257,,1,0.015404590868721257,,,,1,,,
0.0222606493055153,,1,0.0222606493055153,,,,1,,,
0.0064826052868494815,,1,0.0064826052868494815,,,,1,,,
0.007143196047269503,,1,0.007143196047269503,,,,1,,,
0.008896865258416042,,1,0.008896865258416042,,,,1,,,
0.009521610841371597,,1,0.009521610841371597,,,,1,,,
0.007438140476568951,,-1,0.004568005395487411,0.07666896270347934,1.920427918434143,,-1,,,
0.007576580136259281,,1,0.007576580136259281,,,,1,,,
0.009583643714187554,,1,0.005565795720454693,0.44638111846143147,,,1,,,
0.007763377836918532,,1,0.007763377836918532,,,,1,,,
0.011928434292717801,,1,0.011928114234584005,0.012051016557961702,,,1,,,
0.004452078344181487,,1,0.004452078344181487,,,,1,,,
0.016574785247364925,,-1,0.016364135633155828,,0.17814303934574127,,-1,,,
0.010675819701539524,,1,0.010675819701539524,,,,1,,,
0.006008792477899168,,1,0.006008792477899168,,,,1,,,
0.011573198916651725,,1,0.011573198916651725,,,,1,,,
0.01839076989867709,,1,0.016654701887799758,0.1378638139199624,,,1,,,
0.02891113512078647,,1,0.028930623144654787,0.025188922561937943,,,1,,,
0.0032579736814207414,,1,0.0032579736814207414,,,,1,,,
0.010364645707564199,,-1,0.0039055605719271703,0.01814977149479091,2.469950041733682,,-1,,,
0.009854155567084058,,1,0.009854155567084058,,,,1,,,
0.007064767832962578,,1,0.007064767832962578,,,,1,,,
0.011527474084260211,,1,0.011527474084260211,,,,1,,,
0.024447270881936174,,-1,0.01912848111506702,0.0011640286079455109,0.7089157975278795,,-1,,,
0.01599537925615498,,1,0.010918937915447437,1.9602724127471447,,,1,,,
0.003553268203042729,,1,0.003553268203042729,,,,1,,,
0.004224104547410808,,-1,0.003534268537265872,0.09215056827209385,0.0016305259196087718,,-1,,,
0.02646210097477623,,1,0.02552258994204282,0.11571564908444998,,,-1,,,
0.03313387841533396,,-1,0.03261975691427907,0.004409946501255035,0.13838353772007395,,1,,,
0.01455069477819689,,1,0.006133403745922031,0.6525813550246312,,,1,,,
0.0213343873009529,,1,0.018935360906056298,0.9401614965463523,,,1,,,
0.026506936205053695,,-1,0.02128034133236753,0.38883089186856523,1.29319167137146,,-1,,,
0.03863636172756735,,1,0.03863636172756735,,,,-1,,,
0.012051568301118346,,1,0.012051568301118346,,,,1,,,
0.012273180151720927,,1,0.012273180151720927,,,,1,,,
0.010755561745179776,,1,0.009797698705054555,0.15692546166828833,,,1,,,
0.007888298090023227,,1,0.00790219185155579,0.0025669874230516143,,,1,,,
0.00961718394904961,,1,0.006013070089160699,0.40143584785982966,,,1,,,
0.01503762763184143,,1,0.013478801966228198,0.05476080580039926,,,-1,,,
0.0322634285665148,,1,0.03139729849074232,0.16443487812939567,,,1,,,
0.02348979626521223,,1,0.022747998886258274,0.2126481278984708,,,-1,,,
0.013212965524717882,,1,0.013212965524717882,,,,1,,,
0.007442635642251598,,1,0.005665840248323031,0.2006056777536287,,,1,,,
0.03763506346901893,,-1,0.03609047546475653,0.09041977357855942,0.2504073441765892,,-1,,,
0.009740014690295359,,1,0.009740014690295359,,,,1,,,
0.01901340836014498,,-1,0.012207720832891353,0.08001348571051495,2.4560773191042244,,1,,,
0.009460681396737058,,1,0.007728530698609652,0.2737868779309792,,,1,,,
0.005970156500275436,,1,0.005970156500275436,,,,1,,,
0.019015177608557938,,-1,0.018790445927049204,,0.06193892877672624,,-1,,,
0.004192346967105465,,1,0.004192346967105465,,,,1,,,
0.00956841322455304,,1,0.00956841322455304,,,,1,,,
0.009313459597363996,,1,0.009321678818815212,0.0030093167442828417,,,1,,,
0.016057149307183494,,1,0.016057149307183494,,,,1,,,
0.005449316684405403,,1,0.005449316684405403,,,,1,,,
0.04376809404512313,,1,0.043911620438331626,0.03472593127298751,,,-1,,,
0.004431338604534929,,-1,0.004393203106012304,,0.01903723453870043,,1,,,
0.006628872864620661,,1,0.006637267897862107,0.00018988236843142658,,,1,,,
0.032662377719206624,,1,0.028287139205684843,0.8683329338018666,,,-1,,,
0.01771327235021521,,1,0.01771327235021521,,,,1,,,
0.0055564306779555634,,1,0.0055564306779555634,,,,1,,,
0.005485260502892923,,1,0.0054964279425119495,0.0012081311288056895,,,1,,,
0.011912422928039845,,1,0.011667993511515762,0.10552888945676386,,,1,,,
0.010606463445577438,,1,0.010606463445577438,,,,1,,,
0.0077013157637206104,,1,0.007644712276470843,0.014889958644441018,,,1,,,
0.008039619592148975,,1,0.008039619592148975,,,,1,,,
0.0074079833843333125,,1,0.0074079833843333125,,,,1,,,
0.013178263629542183,,1,0.01308117129447943,0.020537862627298863,,,1,,,
0.11113445078474449,,-1,0.08854677152806933,0.07146186288446188,1.6686838157474995,,1,,,
0.0048945729285557365,,1,0.0048945729285557365,,,,1,,,
0.009307057148526235,,-1,0.0027252626641234593,0.0049185198720026945,5.0268378257751465,,1,,,
0.015191735388299913,,1,0.015191735388299913,,,,1,,,
0.011019978616053786,,1,0.01096578626964437,0.02483902695045496,,,1,,,
0.007866759875713095,,1,0.007866759875713095,,,,1,,,
0.044855839920327746,,1,0.044855839920327746,,,,1,,,
0.01899791224139591,,-1,0.01852306682134785,0.010449353707372211,0.3993517756462097,,-1,,,
0.010458288345262782,,1,0.009755743819228701,0.09968144315159104,,,-1,,,
0.013099725767515244,,-1,0.013110049766563561,,0.00518121849745512,,1,,,
0.005017567724339293,,1,0.005017567724339293,,,,1,,,
0.011787855809770894,,1,0.01183006285492928,0.0010250592943824206,,,1,,,
0.011334775292099883,,1,0.010916207025869833,0.05109876058395457,,,-1,,,
0.013718159408171596,,1,0.013753616653186407,0.0001380345674988348,,,1,,,
0.007316021807645494,,1,0.006521669133891195,0.15903738249471644,,,-1,,,
0.01976811260881206,,1,0.01976811260881206,,,,1,,,
0.004353832187390457,,1,0.004356400773490071,0.0023837266489863396,,,1,,,
0.004073663982456566,,1,0.004081686514655541,0.0010010341502493247,,,1,,,
0.017932497688333864,,1,0.017932497688333864,,,,1,,,
0.003215747269678696,,1,0.00321993026357832,7.390948667307384e-06,,,1,,,
0.005862815296393246,,1,0.004862994320522399,0.10084580800412368,,,-1,,,
0.009558316210604545,,1,0.009570743968767116,2.6225699912174605e-05,,,1,,,
0.020424220779402685,,1,0.020424220779402685,,,,1,,,
0.020196858908579546,,1,0.01041369333958904,0.76176080903806,,,1,,,
0.004386373619296761,,1,0.004386373619296761,,,,1,,,
0.0034364573984439297,,1,0.0013501366257937823,0.2302493299679814,,,1,,,
0.010337194850105647,,1,0.010337194850105647,,,,1,,,
0.008747869182838505,,1,0.008747869182838505,,,,1,,,
0.00821167895774777,,1,0.00821167895774777,,,,1,,,
0.003505902648579825,,-1,0.0031919328958150907,0.0058676376938819885,0.1224184655584395,,-1,,,
0.004945367227649673,,1,0.004945367227649673,,,,1,,,
0.015424862115448393,,1,0.0137824472324608,0.09787408924142559,,,-1,,,
0.054646639476186344,,1,0.054646639476186344,,,,1,,,
0.02047013307401298,,1,0.019334426345237955,0.12836227230764052,,,-1,,,
0.02979995839369091,,1,0.02984847370076541,0.011218595784157515,,,1,,,
0.031128967180620155,,1,0.0316099966826572,0.003192253793083812,,,1,,,
0.004298031408624799,,1,0.004298031408624799,,,,1,,,
0.02028147759888495,,1,0.019680972039666723,0.09654568361960021,,,1,,,
0.011836381524507425,,1,0.011836381524507425,,,,1,,,
0.00820441540280766,,1,0.00820441540280766,,,,1,,,
0.012230475781885039,,1,0.012230475781885039,,,,1,,,
0.01164868670322979,,1,0.011675151510694419,0.007610157084127422,,,1,,,
0.038090734192032016,,-1,0.0312666118689218,0.009770707822798822,1.4113597860559821,,-1,,,
0.04185218678227898,,-1,0.04195904951242193,,0.000923761137528345,,1,,,
0.02743570864282378,,1,0.02743570864282378,,,,1,,,
0.019300669411432974,,1,0.019300669411432974,,,,1,,,
0.010519461199822425,,1,0.010544833870589038,0.000801728296210058,,,1,,,
0.06385327804296696,,1,0.0641535807392998,0.0064954630433931015,,,1,,,
0.009109227652339532,,1,0.009097671462714084,0.017972825095057487,,,1,,,
0.043293835735867724,,1,0.04340208662190298,0.0018337463843636215,,,-1,,,
0.007983480838904692,,1,0.008009777768030272,0.0012777639118818722,,,1,,,
0.01832257271023252,,1,0.01832257271023252,,,,1,,,
0.010311145642806588,,1,0.008115324149338705,0.5702456264771172,,,1,,,
0.030537470217493496,,1,0.030537470217493496,,,,1,,,
0.0655524547505486,,-1,0.05384091929206405,0.0061191804338136535,1.0296416246768785,,-1,,,
0.01115326964563046,,1,0.008269122366411065,0.45127414445451,,,1,,,
0.032205356257861695,,1,0.032205356257861695,,,,1,,,
0.052320782333900695,,-1,0.04195523827534704,0.11690130704982948,7.553016662597656,,-1,,,
0.045331653310984286,,-1,0.04559787842907773,0.0026969940081471577,0.012740525417029858,,-1,,,
0.01959469126433729,,-1,0.010740057686993947,,3.4109193513868377,,1,,,
0.011822796055546666,,-1,0.009997105484682677,0.2221927202748096,0.1389537751674652,,1,,,
0.011741432959774182,,1,0.011741432959774182,,,,1,,,
0.008829778777958689,,1,0.008829778777958689,,,,1,,,
0.00597194130700629,,1,0.005960889913390342,0.007375468296231702,,,-1,,,
0.01954972135849668,,1,0.01956438239567421,0.00830470584332943,,,1,,,
0.015777882000096,,1,0.015777882000096,,,,1,,,
0.020312953441782966,,1,0.020312953441782966,,,,1,,,
0.00496624250558438,,1,0.00496624250558438,,,,1,,,
0.006558330237810495,,1,0.006558330237810495,,,,1,,,
0.01916348476224039,,-1,0.008501254827912875,,1.6462197727406191,,-1,,,
0.01040036550107241,,1,0.010427423549414352,3.713298610819038e-05,,,1,,,
0.01419707019170661,,-1,0.014211903749497767,,0.002819731365889311,,-1,,,
0.023301988748336555,,-1,0.012512731336697933,0.052309269808704685,1.6140275159035808,,-1,,,
0.02034868361944812,,1,0.019264515661836627,0.07130457762718834,,,1,,,
0.008414084542251269,,1,0.008417134181072611,0.006075011566281319,,,1,,,
0.018462054050308357,,1,0.018558285749845256,8.179943876029938e-05,,,1,,,
0.003468692464715891,,1,0.003468692464715891,,,,1,,,
0.026446188106322193,,1,0.026446188106322193,,,,1,,,
0.005665499181445692,,1,0.005665499181445692,,,,1,,,
0.004542472353148678,,1,0.004542472353148678,,,,1,,,
0.003256247035077209,,1,0.003256247035077209,,,,1,,,
0.012824528876344962,,1,0.012856521819217632,0.0005712317561119562,,,1,,,
0.005742400087315265,,1,0.005742400087315265,,,,1,,,
0.006842265373513475,,1,0.0068599452641597254,7.086725599947385e-05,,,1,,,
0.003540759509322792,,1,0.003540759509322792,,,,1,,,
0.008833128987664788,,1,0.008844062064399385,0.006045194420342644,,,1,,,
0.00786508209218617,,1,0.006973503991825876,0.23521749768406153,,,-1,,,
0.007266786284145492,,-1,0.003420479624022975,0.0016839622985571623,0.7423454876989126,,-1,,,
0.025126074203064636,,1,0.0249148866925317,0.07897888938896358,,,1,,,
0.03410896060667904,,1,0.034317224469417124,0.002327895152848214,,,1,,,
0.008623480707764012,,1,0.008623480707764012,,,,1,,,
0.007721731264792216,,1,0.007721731264792216,,,,1,,,
0.014308042757310938,,1,0.014322275733629463,0.003391349921002984,,,1,,,
0.010260188396405448,,1,0.010260188396405448,,,,1,,,
0.007154977657569006,,1,0.00399346513496414,0.6110038694750983,,,1,,,
0.03643785567110195,,1,0.03492968620891825,0.10732182039373583,,,1,,,
0.010917700910842617,,1,0.010917700910842617,,,,1,,,
0.004331232358002997,,1,0.004331232358002997,,,,1,,,
0.006062255091813758,,1,0.0049363129951201495,0.149056901371902,,,1,,,
0.0055442521627486014,,1,0.0029254775292351853,0.12862665993787914,,,1,,,
0.016390879190005,,1,0.016390879190005,,,,1,,,
0.02030219880766933,,1,0.02019555524445219,0.03043333731329767,,,1,,,
0.03390924708246897,,1,0.03395286606367975,0.00045348849380388856,,,1,,,
0.01120226019770835,,1,0.011001740516189459,0.16500085592269897,,,1,,,
0.005608144116596492,,1,0.005619662421001139,0.0011966335296165198,,,-1,,,
0.013432535622120175,,1,0.013509155802029481,0.0037017727736383677,,,1,,,
0.01890644529422758,,1,0.018930991961061874,7.915183232398704e-05,,,1,,,
0.0036087674954412563,,-1,0.0028750537304436316,0.12741607968666813,0.06820312142372131,,-1,,,
0.007504760543339373,,1,0.007504760543339373,,,,1,,,
0.00736197574920124,,-1,0.0018694367944722134,,2.1110043954104185,,1,,,
0.01095860115031814,,1,0.01095860115031814,,,,1,,,
0.004832054902621508,,1,0.004832054902621508,,,,1,,,
0.009102640228520068,,1,0.009102640228520068,,,,1,,,
0.02382512519941275,,1,0.023812434615667,0.028685618774034083,,,1,,,
0.013131842641302655,,1,0.013131842641302655,,,,1,,,
0.006035293793287859,,1,0.006035293793287859,,,,1,,,
0.013440944580375813,,1,0.013440944580375813,,,,1,,,
0.021779343724070088,,1,0.021779343724070088,,,,1,,,
0.04671441922245734,,1,0.04671441922245734,,,,1,,,
0.014701370137300884,,-1,0.011767069530474478,,0.5751527860411443,,1,,,
0.007523335824355233,,1,0.00689869329852288,0.1668071799116054,,,1,,,
0.004642673615167681,,1,0.004642673615167681,,,,1,,,
0.007745305053498797,,1,0.007745305053498797,,,,1,,,
0.02235822822276153,,1,0.022416384131582295,8.451514440821484e-05,,,1,,,
0.0031059074269030873,,1,0.0031059074269030873,,,,1,,,
0.008552592966450353,,1,0.008590271042494255,0.001356080442064922,,,1,,,
0.006053450279353593,,1,0.006053450279353593,,,,1,,,
0.021785230248173654,,-1,0.021447735063950937,0.052630352809501346,4.768370445162873e-07,,-1,,,
0.005297752999148623,,1,0.0012296421150298068,0.5219478352822383,,,1,,,
0.0037433117946748715,,1,0.003746334054358989,0.002585786335657758,,,1,,,
0.004661583316155553,,1,0.004661583316155553,,,,1,,,
0.01243204923774129,,1,0.011573695918376708,0.1763775332363764,,,-1,,,
0.008892401840796538,,1,0.008892401840796538,,,,1,,,
0.003714088449522442,,1,0.0037185449496330452,0.00029595286468975246,,,1,,,
0.009195508510417246,,1,0.00920653759072057,0.0007362039177678525,,,1,,,
0.005111463762487982,,1,0.005116652931501259,0.0011313711293041706,,,1,,,
0.005641342573446432,,1,0.005641342573446432,,,,1,,,
0.017717979800062622,,1,0.017717979800062622,,,,1,,,
0.008935152537930572,,1,0.008957973703703182,0.00019464604702079669,,,1,,,
0.01776282296819402,,-1,0.008690751512826727,5.934909343719482,0.1822127990987307,,-1,,,
0.024818934070388227,,1,0.024880351889175874,0.001295909474720247,,,1,,,
0.019556071673065983,,1,0.019483783871996292,0.0750008150935173,,,1,,,
0.01739051993977429,,1,0.016985115243122417,0.0688769164145621,,,1,,,
0.009223646194531199,,1,0.009235307237931055,0.0002796259068418294,,,1,,,
0.009792377596908134,,1,0.009792377596908134,,,,1,,,
0.02939086918792692,,1,0.029576725896202413,0.0010291355050867424,,,1,,,
0.007793872549909746,,1,0.007793872549909746,,,,1,,,
0.010602174007731188,,1,0.008810679305712598,0.049277383163073674,,,-1,,,
0.008588755381293112,,1,0.008588755381293112,,,,1,,,
0.006815400626512869,,1,0.006815400626512869,,,,1,,,
0.004696861660499134,,1,0.004696861660499134,,,,1,,,
0.02697770696181519,,1,0.027009703283518753,0.0024365282151848078,,,1,,,
0.016483626109421223,,1,0.016483626109421223,,,,1,,,
0.005195350633478609,,1,0.005195350633478609,,,,1,,,
0.026652253343642112,,-1,0.026684782321253653,,0.0017025275155901909,,1,,,
0.013495485904848318,,1,0.013495485904848318,,,,1,,,
0.019155040642541366,,1,0.019155040642541366,,,,1,,,
0.005363814129069648,,1,0.005363814129069648,,,,1,,,
0.027753624649661763,,1,0.027626565467188485,0.07641729153692722,,,1,,,
0.04267476044702848,,-1,0.042636295725956196,,0.07217720150947571,,1,,,
0.0066517232105306094,,1,0.006617089408898343,0.013266779322293587,,,1,,,
0.018592903986313896,,1,0.01230634150345718,0.6158163398577017,,,1,,,
0.004046475578934672,,1,0.0040542116207083565,0.0010835715796133627,,,1,,,
0.006749536113543897,,1,0.006749536113543897,,,,1,,,
0.011416848689432749,,1,0.011444609536813822,0.0007844441424822435,,,1,,,
0.011272154690909511,,1,0.011272154690909511,,,,1,,,
0.022346198527099997,,1,0.022373267433930324,0.0015843469882383943,,,1,,,
0.04241286473309872,,1,0.04241286473309872,,,,1,,,
0.013948000961841345,,1,0.013979692982247775,0.001809957146178931,,,1,,,
0.02134007832712766,,-1,0.021341935075650697,3.981510963058099e-05,0.041218072175979614,,1,,,
0.051492431920786196,,1,0.04939520891993083,0.45206202508416027,,,1,,,
0.011765717658099936,,1,0.011765717658099936,,,,1,,,
0.023404239037533376,,1,0.02355473638106519,0.00043834441457875074,,,-1,,,
0.00983290434408938,,1,0.00983290434408938,,,,1,,,
0.05285137445836963,,1,0.05298802903831326,0.0005126703399582766,,,1,,,
0.021203941957022465,,1,0.0212310739924555,0.0003936707798857242,,,1,,,
0.004737004800509463,,1,0.004737004800509463,,,,1,,,
0.012626591114692923,,-1,0.012659339452116844,,8.397788133152062e-05,,-1,,,
0.01575749186472682,,1,0.01575749186472682,,,,-1,,,
0.028052624100842156,,1,0.02811945576477157,0.0024560968158766627,,,1,,,
0.00464053917814411,,1,0.00464053917814411,,,,1,,,
0.005356126402300987,,1,0.005366737951660092,0.0012919029977638274,,,1,,,
0.013238564409212708,,1,0.013238564409212708,,,,1,,,
0.03371670763144626,,1,0.03371670763144626,,,,1,,,
0.03726352909898978,,1,0.0373120556954072,4.362964682513848e-05,,,1,,,
0.011219995922309304,,1,0.011219995922309304,,,,1,,,
0.015651318974480095,,1,0.015651318974480095,,,,1,,,
0.04925979232704414,,1,0.04925979232704414,,,,1,,,
0.011716340563038349,,1,0.011716340563038349,,,,1,,,
0.005569934598832778,,1,0.004242945692081666,0.17409752575622406,,,1,,,
0.025355944751802657,,1,0.025355944751802657,,,,1,,,
0.007406291708030348,,1,0.007406291708030348,,,,1,,,
0.04428724939793346,,1,0.04428724939793346,,,,1,,,
0.012842995000427218,,1,0.012842995000427218,,,,1,,,
0.010080423171814937,,1,0.008740302360925982,0.18027576615471239,,,1,,,
0.00910660306946672,,-1,0.006944188267355436,,0.8373114722780883,,-1,,,
0.02245521712585467,,1,0.01783931305503602,1.7903464762493968,,,1,,,
0.011149540188652551,,1,0.011149540188652551,,,,1,,,
0.02656625858563307,,1,0.02656625858563307,,,,1,,,
0.017484408728481782,,-1,0.017482665512302133,,0.018821455538272858,,1,,,
0.09292645353546487,,-1,0.09282857873095998,0.0067643231923284475,0.6843819618225098,,-1,,,
0.015303310360090805,,1,0.015303635622835607,0.015053833834826946,,,1,,,
0.003101034706552023,,1,0.003109567889058858,0.000925073167309165,,,1,,,
0.004260788336383214,,1,0.004260788336383214,,,,1,,,
0.01699559433442251,,-1,0.01683334737782215,,0.07913617871236056,,1,,,
0.017365849374103348,,1,0.017365849374103348,,,,1,,,
0.03245364325568426,,-1,0.03250112900496949,,0.020344777187953394,,-1,,,
0.01031666835758216,,1,0.01031666835758216,,,,1,,,
0.012230415772338077,,1,0.012230415772338077,,,,1,,,
0.0065212324917668,,1,0.005202821376984175,0.5114726894535124,,,1,,,
0.017156435092437288,,-1,0.016820928867927396,0.0059525965092082815,0.1619578176178038,,1,,,
0.006109709952594115,,1,0.006109709952594115,,,,-1,,,
0.018725800815659593,,1,0.01638420650370083,0.4659703143997831,,,1,,,
0.05453465826760251,,1,0.05453465826760251,,,,1,,,
0.024309420236856855,,-1,0.016592130409081588,,2.9800314242747845,,1,,,
0.00822183481788663,,1,0.008256719724980753,0.0015588175629090983,,,1,,,
0.011466111491485501,,1,0.011466111491485501,,,,1,,,
0.016737740467611673,,1,0.016737740467611673,,,,1,,,
0.04125034058205183,,1,0.04125034058205183,,,,1,,,
0.010323645959029312,,1,0.010323645959029312,,,,1,,,
0.005944744912617021,,1,0.005949979516022447,0.0019298041006550193,,,1,,,
0.08348559031699428,,1,0.08370218614929195,0.0005293865469866432,,,-1,,,
0.08163862972102424,,1,0.0822198276323368,0.007826494984328747,,,1,,,
0.03410730927506774,,1,0.03286815723108078,0.3500910804917415,,,1,,,
0.04029298072499602,,1,0.04029298072499602,,,,1,,,
0.030983465180731546,,1,0.030983465180731546,,,,1,,,
0.005268190603726334,,-1,0.0052225510238899635,,0.040273748338222504,,-1,,,
0.00912720802712208,,1,0.00912720802712208,,,,1,,,
0.010360699058290143,,1,0.010360699058290143,,,,1,,,
0.04753961097140843,,1,0.04753961097140843,,,,1,,,
0.04292560371029334,,-1,0.041080074700311296,,0.27730778797801275,,1,,,
0.009353908214707237,,1,0.009353908214707237,,,,1,,,
0.013433368259726445,,1,0.013433368259726445,,,,1,,,
0.028573420837417984,,1,0.028573420837417984,,,,1,,,
0.003914189069448663,,-1,0.003802553730017036,,0.03238120062451344,,-1,,,
0.08830592653309448,,-1,0.07822722963789919,,1.3683004322228953,,-1,,,
0.009793562041839602,,1,0.009793562041839602,,,,1,,,
0.031813989893453964,,-1,0.03114067595444513,0.0008397151832468808,0.16799219243694097,,-1,,,
0.005532513745241034,,1,0.005532513745241034,,,,1,,,
0.03307600190624823,,1,0.03238004640681548,0.10873630691600868,,,-1,,,
0.012085153972591911,,1,0.012085153972591911,,,,1,,,
0.023605928561425554,,-1,0.02115836099296811,0.2587606725119258,7.176141662057489e-05,,-1,,,
0.026417934437242014,,1,0.02645251582466473,0.013173263054341078,,,1,,,
0.040526404721477505,,1,0.03469572471767879,2.273676846176386,,,1,,,
0.022840653591455744,,-1,0.02283519316226299,,0.027028802782297134,,1,,,
0.0045912242236377425,,1,0.0045912242236377425,,,,1,,,
0.02104021509199387,,1,0.02104021509199387,,,,1,,,
0.010561976342324067,,-1,0.010530091027011818,0.008987922221422195,0.023545136509710574,,-1,,,
0.04634384241129652,,1,0.046887668308868355,0.005121839375351556,,,-1,,,
0.0222960740883984,,-1,0.021711950050074275,,0.4703192114830017,,-1,,,
0.00758411340118433,,1,0.007131333034109863,0.038743635026218144,,,-1,,,
0.012659003243486566,,1,0.012659003243486566,,,,1,,,
0.024175743773812524,,1,0.024175743773812524,,,,1,,,
0.007299885322857709,,1,0.007299885322857709,,,,1,,,
0.0051166792795308185,,1,0.0051166792795308185,,,,1,,,
0.015433935790659584,,1,0.015433935790659584,,,,1,,,
0.10998080186640753,,1,0.11026490007829927,0.0011711867118719965,,,1,,,
0.02442698089429977,,-1,0.02423368343808839,,0.1726861298084259,,1,,,
0.02326772986345027,,1,0.023290549279379825,0.005765237845480442,,,1,,,
0.04084964000744643,,1,0.040693139074528456,0.16088585555553436,,,1,,,
0.02813741558238725,,1,0.02813741558238725,,,,1,,,
0.015212238201756989,,1,0.015212238201756989,,,,1,,,
0.025216844769628228,,1,0.025280102909712818,0.0009889771172311157,,,1,,,
0.036308095742111135,,1,0.03635384531580155,0.0012181727215647697,,,1,,,
0.042655813810684506,,1,0.04272756256701434,0.024359880946576595,,,1,,,
0.0168832285950562,,1,0.016901273636425934,0.015515414459230215,,,1,,,
0.03672868949657134,,1,0.034024734123910876,2.1106624603271484,,,1,,,
0.012367912149808665,,1,0.012388319089727904,0.0045520541607402265,,,1,,,
0.011490808047534292,,1,0.011490808047534292,,,,1,,,
0.009505998176593403,,1,0.009088342015051768,0.08927832503104582,,,-1,,,
0.025574281644833736,,1,0.025593297929281746,0.010988791473209858,,,1,,,
0.026239814653657472,,1,0.026239814653657472,,,,1,,,
0.048425583269670135,,-1,0.035182306049036854,0.03632887376625149,0.8825609535500311,,-1,,,
0.1185971474875025,,1,0.11846655507967362,0.13852554892218905,,,1,,,
0.03559111880694369,,-1,0.034444650720649,0.41642627120018005,0.5329505205154419,,-1,,,
0.005675827619273359,,1,0.005543766207375904,0.05625534837599844,,,1,,,
0.005544868933293756,,1,0.005544868933293756,,,,1,,,
0.013407377922482292,,-1,0.012038293961835152,0.27659015481003735,0.008662813153932802,,-1,,,
0.017567712000921294,,1,0.017567712000921294,,,,1,,,
0.0224616634890058,,-1,0.011160306357214246,,1.7470487618003971,,1,,,
0.029569400299723842,,1,0.019449792118957206,3.9053793335333467,,,1,,,
0.030603717023279724,,1,0.030603717023279724,,,,1,,,
0.07108793575190475,,-1,0.0456860111211695,1.149290054431185,3.543350486084819,,1,,,
0.028101602196466402,,1,0.028101602196466402,,,,1,,,
0.013751712922294601,,1,0.013751712922294601,,,,1,,,
0.02253952266454166,,1,0.02253952266454166,,,,1,,,
0.008265671980116332,,1,0.008265671980116332,,,,1,,,
0.019766387658071594,,-1,0.019283591312343286,0.19846875965595245,0.21088601648807526,,-1,,,
0.01155125698914361,,1,0.01155125698914361,,,,1,,,
0.04517970784270512,,-1,0.04485159010520779,0.19022512331139296,0.006098946090787649,,-1,,,
0.006638475663509613,,-1,0.005484469364527338,0.26860746392045104,0.10239232331514359,,-1,,,
0.03378556962279866,,-1,0.03361092256183266,,0.10067539397277869,,-1,,,
0.02387783152957586,,1,0.023902444407686026,0.0049997540190815926,,,1,,,
0.005955168977689477,,1,0.005227939402419887,0.14485601785418112,,,-1,,,
0.03454324411622345,,1,0.03481752438128452,0.008486618935421575,,,1,,,
0.019499823611138112,,-1,0.006820375524635138,0.0018747422145679593,2.4437472247882397,,1,,,
0.0061496380817439205,,1,0.0061496380817439205,,,,1,,,
0.0069295606615848255,,1,0.006946905071969635,0.00028665148420259356,,,1,,,
0.07195129090582242,,-1,0.05488324925366055,2.524344954363187,1.1316863053943962,,1,,,
0.020399498309143855,,-1,0.014994456580560398,0.9828442269208608,0.29466742277145386,,1,,,
0.02541375929012683,,1,0.02541375929012683,,,,1,,,
0.03096739960548985,,1,0.03096739960548985,,,,1,,,
0.016513174192809288,,1,0.016513174192809288,,,,1,,,
0.014063860953255514,,-1,0.008588586769061027,0.014309762615084765,1.3950023090001196,,1,,,
0.012459182948037531,,-1,0.012491523131493688,,7.289268432941753e-05,,-1,,,
0.014834407843316319,,1,0.014853161606738925,0.0004502712981775403,,,1,,,
0.03627511633537021,,1,0.03627511633537021,,,,1,,,
0.027048169628030767,,1,0.027083082997738397,0.0002696150622796267,,,-1,,,
0.07779237809666088,,1,0.07779237809666088,,,,1,,,
0.018417237772223594,,-1,0.01589174383695826,,0.29297450702035477,,-1,,,
0.007787076646553241,,1,0.007787076646553241,,,,1,,,
0.01574957854138977,,1,0.015879349761929434,0.0016415929941493751,,,-1,,,
0.02394684090353394,,1,0.02394684090353394,,,,1,,,
0.02158998998018132,,1,0.019350459370560995,0.4493403364176629,,,1,,,
0.032741172177336964,,1,0.032741172177336964,,,,1,,,
0.012627225195854427,,1,0.012627225195854427,,,,1,,,
0.02562503133751252,,1,0.02562503133751252,,,,1,,,
0.06151821951677228,,1,0.06173658662856171,0.005834606010466814,,,1,,,
0.008385320988856767,,1,0.008385320988856767,,,,1,,,
0.007259651961513569,,1,0.0059916312490154834,0.33060493364852545,,,1,,,
0.00870026810111213,,1,0.00870026810111213,,,,1,,,
0.05730422585779552,,1,0.05730422585779552,,,,1,,,
0.019237468702928123,,-1,0.015009572644173456,0.22874445277435976,2.6208291053771973,,-1,,,
0.02036423102641886,,-1,0.019288681493665496,,0.13729183023003447,,-1,,,
0.01175747824982191,,1,0.01175747824982191,,,,1,,,
0.05793756135854444,,1,0.05803024033866143,0.02244151197373867,,,1,,,
0.0077365310786016534,,1,0.0077365310786016534,,,,1,,,
0.0430328729063317,,-1,0.04307352091048402,,0.011855853721499443,,1,,,
0.012936679554837719,,1,0.012936679554837719,,,,1,,,
0.030686194048030895,,1,0.030686194048030895,,,,1,,,
0.007389244146686143,,1,0.007405282750662283,0.0032994001327703395,,,1,,,
0.004394090599652382,,1,0.0043621504466118165,0.016627169214189053,,,1,,,
0.020337776221686827,,1,0.020337776221686827,,,,1,,,
0.02815442066759033,,1,0.02815442066759033,,,,-1,,,
0.010549054320199739,,1,0.010549054320199739,,,,1,,,
0.011339411150946313,,1,0.011339411150946313,,,,1,,,
0.003677540403823324,,1,0.003677540403823324,,,,1,,,
0.01963037555884502,,1,0.01963037555884502,,,,-1,,,
0.010311909124087748,,-1,0.00984422600673763,,0.18943454306918284,,-1,,,
0.012601082370425823,,1,0.012635335055991506,0.006058819427380513,,,1,,,
0.015708955002445773,,-1,0.014544369916286742,0.027095251307764558,0.4303678395226598,,-1,,,
0.03730488444558411,,1,0.03730488444558411,,,,1,,,
0.02423588642665564,,1,0.02424763583549611,0.015224089846014977,,,1,,,
0.016393661638709034,,1,0.016393661638709034,,,,1,,,
0.034795784041808275,,1,0.03464808251893317,0.04496033429784967,,,1,,,
0.04396867335654875,,1,0.044344800723526,0.003078255318022067,,,1,,,
0.016724015769156015,,1,0.016724015769156015,,,,1,,,
0.021367949059832785,,1,0.021367949059832785,,,,1,,,
0.031223866399414508,,-1,0.03139767185415186,,0.012328730534396268,,1,,,
0.019396288618798458,,-1,0.016842466655204773,,0.2970332192323407,,-1,,,
0.0036160467541913968,,1,0.0036160467541913968,,,,1,,,
0.04126722335866795,,-1,0.041313941379408706,,0.005434501450508833,,-1,,,
0.038942304308436114,,1,0.038942304308436114,,,,1,,,
0.01217360766335259,,1,0.01217360766335259,,,,1,,,
0.06729652361632017,,-1,0.06784235585217685,0.0028456454165279865,0.03242211118194973,,-1,,,
0.04544783352117262,,1,0.04544783352117262,,,,-1,,,
0.06823971457378757,,-1,0.061073776560941845,0.1014624834060669,1.4268366983160377,,1,,,
0.03026190866890725,,1,0.03026190866890725,,,,1,,,
0.00691595405621707,,1,0.005674493628969573,0.10101865444157739,,,-1,,,
0.08056939702198207,,1,0.08056939702198207,,,,-1,,,
0.010636056174987493,,1,0.010636056174987493,,,,1,,,
0.026643495317575372,,1,0.026422238615714435,0.19634738564491272,,,1,,,
0.01205520053563743,,1,0.01205520053563743,,,,1,,,
0.02767412139695047,,1,0.02767412139695047,,,,1,,,
0.08583564845448481,,1,0.08583564845448481,,,,1,,,
0.007687870542747888,,1,0.007687870542747888,,,,1,,,
0.06959459764323365,,-1,0.0685758403963144,,0.32937769560764235,,1,,,
0.017856077548178934,,1,0.016536656987937524,0.1612959413115667,,,1,,,
0.03773849091823974,,1,0.03773849091823974,,,,1,,,
0.054331256396282036,,1,0.054331256396282036,,,,-1,,,
0.14916142011868416,,1,0.14916142011868416,,,,1,,,
0.01879420943052305,,1,0.01888358519443581,0.001723438523185905,,,1,,,
0.015192656519500858,,1,0.015192656519500858,,,,-1,,,
0.03916455103106564,,-1,0.039086380757031504,0.051451597500999924,0.00019941726350225508,,1,,,
0.010480163416247615,,1,0.010469380021663147,0.018751027062535286,,,1,,,
0.00919076375675291,,1,0.00905167416479643,0.06246207747608423,,,1,,,
0.008874623857539158,,1,0.008874623857539158,,,,1,,,
0.029982698821558056,,1,0.029982698821558056,,,,1,,,
0.0212616851540209,,-1,0.021347301869178666,,0.004908892558887601,,-1,,,
0.028045593720704105,,1,0.028081587822864143,0.00043811736395582557,,,-1,,,
0.01102973585468329,,1,0.01102973585468329,,,,1,,,
0.0119072367855928,,1,0.011919539863271694,0.00247077620588243,,,1,,,
0.020972545147947958,,1,0.020972545147947958,,,,1,,,
0.16497106819357774,,1,0.16447743366522422,0.24029969722032546,,,1,,,
0.012369700897358745,,1,0.012369700897358745,,,,1,,,
0.004110960951607605,,1,0.004110960951607605,,,,1,,,
0.018161321400301134,,1,0.018161321400301134,,,,1,,,
0.014071107629305857,,-1,0.009364370568142877,1.216979415291765,0.001293299370445311,,1,,,
0.007192188157327806,,1,0.0072026308199549935,0.004529309187394877,,,1,,,
0.026907452373392243,,-1,0.0076944446515021855,2.118597630702425,6.319671630859375,,1,,,
0.005363663590334393,,1,0.005363663590334393,,,,1,,,
0.012127339859814512,,1,0.012127339859814512,,,,1,,,
0.057393647673482207,,-1,0.054044191516560716,0.08516620972659439,1.2624303102493286,,-1,,,
0.010155645963693635,,1,0.010155645963693635,,,,1,,,
0.0311697335667039,,-1,0.016744682577475252,0.0016032337163475556,2.8090666458010674,,1,,,
0.057782522915912495,,-1,0.0577799330129263,,0.059768978506326675,,-1,,,
0.011489541646513501,,1,0.011489541646513501,,,,1,,,
0.053196415102261106,,1,0.053196415102261106,,,,1,,,
0.012004979462744222,,1,0.012049492256083004,0.0006542171613546088,,,1,,,
0.016884434799994352,,-1,0.01691116213158348,,0.006647866801358759,,-1,,,
0.0053459803342548184,,1,0.0053459803342548184,,,,-1,,,
0.03463841877222151,,1,0.03463841877222151,,,,1,,,
0.013795522135880015,,1,0.013795522135880015,,,,1,,,
0.01720682922328069,,1,0.01720682922328069,,,,1,,,
0.018579373546603623,,1,0.018579373546603623,,,,1,,,
0.009310594365676531,,1,0.009108353171176847,0.06088209896309612,,,1,,,
0.05158137503110716,,1,0.05184569523613731,0.0010962158703478053,,,-1,,,
0.022292030156607485,,1,0.021622738100405797,0.10729212129422194,,,1,,,
0.02820273534414734,,1,0.028275815318307987,0.0002131052406184608,,,1,,,
0.014776779941806003,,1,0.014848210848800038,0.0011334767059452133,,,-1,,,
0.04075584150721193,,1,0.04075584150721193,,,,1,,,
0.05982672376187222,,-1,0.05967440456266362,0.0185479037463665,0.21778205037117004,,-1,,,
0.005723927713315054,,1,0.005723927713315054,,,,1,,,
0.03073709250391114,,-1,0.02416750509913256,0.9712308928321363,0.3342936933040619,,-1,,,
0.03870896536437248,,1,0.0353029611065501,1.343208596110344,,,1,,,
0.006184828980075589,,1,0.00614281122132231,0.011521084341742002,,,1,,,
0.004971534128909383,,1,0.0049754376756523,0.001977513777092099,,,1,,,
0.01178563359449806,,1,0.011798641517552623,0.001808556611649692,,,1,,,
0.0106463666783115,,1,0.0106463666783115,,,,-1,,,
0.028599585696550633,,1,0.028599585696550633,,,,1,,,
0.06444180359734375,,1,0.06109250843281732,0.5755442457040771,,,1,,,
0.005424726295773397,,1,0.002203096648643773,0.49704541044775397,,,1,,,
0.016498579689152137,,1,0.016498579689152137,,,,1,,,
0.014278998226648909,,1,0.014278998226648909,,,,1,,,
0.07857752727052514,,1,0.07867975291916826,0.00017045476124621928,,,-1,,,
0.034159364190209374,,-1,0.03420368667476447,,0.000164018536452204,,1,,,
0.029185676830364216,,-1,0.029222541825732955,,0.000910225382540375,,1,,,
0.014526400497281008,,1,0.014526400497281008,,,,1,,,
0.02440818516500502,,1,0.020914759031605674,0.35628366783794263,,,1,,,
0.021715727156194003,,1,0.021742886048753497,0.0008848565630614758,,,1,,,
0.09249584485709346,,-1,0.08961979190858876,0.0008974041447800118,2.4758732318878174,,-1,,,
0.016720488376077352,,-1,0.016396385683757675,0.00013045981177128851,0.29783910512924194,,-1,,,
0.013483573229355153,,1,0.013329585994052694,0.03698202533651056,,,-1,,,
0.004324915201406654,,1,0.004324915201406654,,,,1,,,
0.031077758750856315,,1,0.031077758750856315,,,,1,,,
0.009311846496657358,,1,0.009311846496657358,,,,1,,,
0.014082259902763164,,1,0.014095589596366366,0.003858384909108281,,,1,,,
0.046955077997639684,,-1,0.047159790531922194,0.004058322401154631,0.03320237956359051,,-1,,,
0.017498682036215147,,1,0.017498682036215147,,,,1,,,
0.01942726408655086,,1,0.019450990627086693,0.0012290074955672026,,,1,,,
0.01462599660945326,,1,0.011343522692636486,0.3264610187070467,,,1,,,
0.030328440151898534,,1,0.030402124389540666,0.0021073771349620074,,,1,,,
0.009909367040664327,,1,0.00992226585829561,1.597391747054644e-05,,,1,,,
0.0031344822476799075,,1,0.0031344822476799075,,,,1,,,
0.011971058785655112,,1,0.011971058785655112,,,,1,,,
0.01637343951245877,,-1,0.013944027662718758,0.14595417500822805,0.9556612968444824,,-1,,,
0.028746201942550325,,1,0.0287801687262492,0.015736923785880208,,,1,,,
0.013446265556719794,,1,0.013478362455120619,0.0011531534692039713,,,1,,,
0.005809197264788087,,1,0.005726165286940768,0.06949472427368164,,,1,,,
0.03160121677360254,,1,0.03160121677360254,,,,1,,,
0.003310826029733723,,1,0.003310826029733723,,,,1,,,
0.017402364714570833,,1,0.017402364714570833,,,,1,,,
0.028810788858327403,,1,0.028810788858327403,,,,1,,,
0.005006210438885124,,1,0.005006210438885124,,,,1,,,
0.004330529876362732,,1,0.004296657885691229,0.017303502303548157,,,1,,,
0.004818336191577306,,1,0.004818336191577306,,,,1,,,
0.010784933090361548,,1,0.010784933090361548,,,,-1,,,
0.007186062094450089,,1,0.007212614630756719,0.00041516533625933033,,,1,,,
0.010200153083633978,,-1,0.010171816738445602,0.01889620302245021,0.005760970991104841,,-1,,,
0.011879070471069397,,1,0.011879070471069397,,,,1,,,
0.028696656407346827,,-1,0.028799549138809794,0.0007837827433547773,0.021136187481261004,,-1,,,
0.015096699624010057,,1,0.015096699624010057,,,,1,,,
0.032788819531614756,,1,0.03295337082663166,0.011890805064467713,,,-1,,,
0.04736575647176977,,1,0.04736575647176977,,,,-1,,,
0.015799003010306716,,-1,0.011805650636856286,0.4185518310793365,0.4734696710074786,,1,,,
0.013152191060838092,,1,0.013165192959779514,0.0031797345727682114,,,1,,,
0.04836411574629551,,-1,0.0450231283149164,0.018548565259802023,1.4206232726573944,,-1,,,
0.010709383984764287,,1,0.01073597421037987,0.0005253275739960372,,,-1,,,
0.01524609159006888,,1,0.01524609159006888,,,,1,,,
0.05253683554239371,,1,0.05253683554239371,,,,1,,,
0.01849709738208342,,1,0.01849709738208342,,,,1,,,
0.0029470355455689656,,1,0.0029470355455689656,,,,1,,,
0.018219509639982572,,1,0.018219509639982572,,,,1,,,
0.025939700325462667,,1,0.025939700325462667,,,,1,,,
0.003351252094242104,,1,0.003351252094242104,,,,1,,,
0.02827733481535037,,1,0.028113514832083623,0.042092820070845645,,,-1,,,
0.02054357779927211,,1,0.02054357779927211,,,,1,,,
0.022493576923558578,,1,0.022493576923558578,,,,-1,,,
0.007141299657770143,,1,0.0071906288114042625,0.0008764971462369431,,,1,,,
0.0032072302683617457,,1,0.0032072302683617457,,,,1,,,
0.007782678742049261,,1,0.007782678742049261,,,,1,,,
0.003738019335973212,,1,0.003738019335973212,,,,1,,,
0.021045183023060094,,1,0.021045183023060094,,,,1,,,
0.04010219808823005,,1,0.03987830860971366,0.06853616185981082,,,1,,,
0.008832326397519333,,1,0.008854038083328169,0.003295846516266465,,,1,,,
0.005408805681262526,,1,0.005408805681262526,,,,-1,,,
0.06961447640184677,,1,0.06961447640184677,,,,1,,,
0.034847080347956215,,1,0.034847080347956215,,,,1,,,
0.034101860593796385,,-1,0.034175231836091585,,0.0060006747947340955,,1,,,
0.035465523791016786,,-1,0.0348077377950176,,0.20320095277080932,,-1,,,
0.0072056439737545235,,1,0.0072056439737545235,,,,1,,,
0.0883870956703241,,1,0.0891654541522724,0.01444303988523643,,,1,,,
0.0185490947162202,,1,0.0185490947162202,,,,1,,,
0.03928388659541149,,1,0.03928388659541149,,,,1,,,
0.03416225974622004,,1,0.03376066282446025,0.06803026681462951,,,-1,,,
0.01720219162492498,,1,0.01720219162492498,,,,1,,,
0.014352480131478865,,-1,0.01200265899503204,,1.8166652917861938,,1,,,
0.041079740986765735,,1,0.041079740986765735,,,,1,,,
0.07514035903357019,,-1,0.05549608932579244,0.8768116548191756,2.8005514163523912,,1,,,
0.020699794175729497,,1,0.020719472463982393,0.01316300977487117,,,1,,,
0.01736868013251976,,1,0.017318042278363577,0.030281332942346733,,,1,,,
0.011486801272654409,,1,0.011486801272654409,,,,1,,,
0.005947552346579954,,1,0.004074796250039587,0.29173013267864006,,,1,,,
0.05121002290821982,,-1,0.05032451216191987,0.3769994741305709,0.07704684138298035,,1,,,
0.005624409326519715,,1,0.005624409326519715,,,,1,,,
0.007867328560260844,,1,0.00785531339454679,0.010931195817344511,,,1,,,
0.02124851579280218,,1,0.02124851579280218,,,,1,,,
0.007365620247867355,,1,0.006482835946276792,0.3454720077570528,,,1,,,
0.01546367278169273,,-1,0.015493355427228898,0.0017395378090441227,0.00645090127363801,,1,,,
0.010243141606997833,,1,0.010243141606997833,,,,1,,,
0.008854417297712303,,-1,0.006909761441863257,0.19868591986596584,0.561881451663794,,-1,,,
0.0736965785786019,,1,0.0736965785786019,,,,1,,,
0.013589199822679069,,1,0.01203248481866479,0.41055152584632043,,,-1,,,
0.009836424998458307,,1,0.009900575668599396,0.0016892898905401428,,,1,,,
0.031204143966792792,,-1,0.024507547507024403,0.7625996194796342,0.0008491248008795083,,1,,,
0.024631189841082108,,1,0.024631189841082108,,,,1,,,
0.03036029099615926,,-1,0.030202221477899173,0.0007427555974572897,0.1810590773820877,,1,,,
0.009454134319180815,,1,0.009454134319180815,,,,1,,,
0.08447897722349158,,-1,0.0848092643682119,,0.00025575531981303357,,-1,,,
0.004511083019230829,,1,0.004511083019230829,,,,1,,,
0.039174134094809666,,1,0.038390237497835815,0.12439489270868112,,,1,,,
0.013949909098458946,,1,0.01291014857768082,0.4121781885564815,,,-1,,,
0.04067389522811323,,1,0.04067389522811323,,,,1,,,
0.043322808291486346,,-1,0.03915209164453366,0.0033965138718485832,3.3137736320495605,,1,,,
0.01197398543495313,,1,0.01197398543495313,,,,1,,,
0.011701311979070539,,1,0.011095475498926049,0.12741607968666813,,,-1,,,
0.012822755415169121,,1,0.012822755415169121,,,,1,,,
0.04693840845218785,,1,0.04693840845218785,,,,1,,,
0.11639315371143155,,1,0.10944353238936338,1.8885465908388142,,,1,,,
0.13909759935361876,,1,0.13909759935361876,,,,1,,,
0.01989502444308755,,1,0.01989502444308755,,,,1,,,
0.016897703641079193,,1,0.01674691630920436,0.03990785048517864,,,1,,,
0.025695467717205506,,-1,0.022664620135828897,,0.7985616009682417,,1,,,
0.03373355950359288,,1,0.03373355950359288,,,,1,,,
0.029387775240190095,,-1,0.02435464587536767,,1.957076321967179,,-1,,,
0.06718135637822502,,-1,0.052069839804536035,,2.3731987855231638,,-1,,,
0.02875831455890913,,1,0.028793850734395016,0.015147959347814322,,,1,,,
0.010453791710676322,,1,0.010453791710676322,,,,1,,,
0.07205571865275158,,-1,0.0718671273068594,0.25638407468795776,0.032188333570957184,,1,,,
0.05204873010247842,,-1,0.04500765744905212,,2.7487795563647524,,1,,,
0.014879627910274232,,1,0.014879627910274232,,,,1,,,
0.012643336381749156,,1,0.012643336381749156,,,,1,,,
0.0276834844955669,,-1,0.02718755886429735,0.07470527745317668,0.17010528268292546,,-1,,,
0.019150929086687068,,-1,0.010601607296377873,,2.1992279856155315,,-1,,,
0.018118785764176693,,1,0.018118785764176693,,,,1,,,
0.07433414047091332,,1,0.07433414047091332,,,,1,,,
0.020591039089125,,-1,0.020290327796946634,,0.09727241859460871,,-1,,,
0.009640649675222454,,1,0.009640649675222454,,,,1,,,
0.0218474166456956,,1,0.0218474166456956,,,,1,,,
0.08953278789273374,,-1,0.0818120061849904,0.2813576891579487,2.020458698272705,,-1,,,
0.013233249914314626,,1,0.013233249914314626,,,,1,,,
0.006366358207496721,,-1,0.00637161534533041,,0.0023341334890574217,,-1,,,
0.03895096092962724,,-1,0.028242259014816008,,8.252525329589844,,-1,,,
0.005086672902879563,,1,0.00365742334064941,0.0820619707544178,,,-1,,,
0.008522486260401271,,1,0.006364566348068256,0.4206851895160071,,,1,,,
0.03744207350498089,,1,0.037591998739228714,0.01840156875550747,,,1,,,
0.01304552833707362,,-1,0.011946140212383691,0.22576974458843324,0.0009818024700507522,,1,,,
0.015147045478277832,,1,0.015147045478277832,,,,1,,,
0.006093726140540194,,1,0.006093726140540194,,,,1,,,
0.011823773517997202,,1,0.001164658076157412,2.7298982111871433,,,1,,,
0.04193225792840316,,1,0.030150847137477604,1.322739916770453,,,-1,,,
0.018974635376989585,,1,0.018974635376989585,,,,1,,,
0.006830325348730071,,1,0.006830325348730071,,,,1,,,
0.013115077436361608,,1,0.013115077436361608,,,,1,,,
0.052910290156945074,,-1,0.043104338005433965,1.7957515336456709,1.1796191707253456,,-1,,,
0.004220608829712091,,1,0.004230898458357292,0.00027968105860054493,,,1,,,
0.0167959718292708,,1,0.0167959718292708,,,,1,,,
0.006314585734930489,,1,0.00633711318759809,0.0005700853046922324,,,1,,,
0.013490160532371695,,1,0.013490160532371695,,,,1,,,
0.007927765388730043,,1,0.007927765388730043,,,,1,,,
0.01140185268816829,,1,0.010518648891181898,0.07834870049973688,,,-1,,,
0.04021175184465342,,-1,0.040306810505282904,0.00011884459672728553,0.029367782020320494,,-1,,,
0.05059164978644285,,-1,0.05038812392339382,0.051693473011255264,0.12788938079029322,,1,,,
0.017569264069044504,,1,0.017681064648174587,0.0005084956937935203,,,1,,,
0.009270313880290834,,1,0.009270313880290834,,,,1,,,
0.018778221806837674,,1,0.01879991375895981,0.002140494529157877,,,1,,,
0.011043758009670057,,1,0.011043758009670057,,,,1,,,
0.03347264969064767,,1,0.03364758555391426,5.98998067289358e-05,,,1,,,
0.008720696986655932,,1,0.008720696986655932,,,,1,,,
0.025676572274176596,,1,0.025676572274176596,,,,1,,,
0.008645054291945323,,1,0.008645054291945323,,,,1,,,
0.013073882039220663,,1,0.013073882039220663,,,,1,,,
0.023885786497613044,,1,0.023885786497613044,,,,-1,,,
0.009814442324015479,,1,0.00983740867980762,0.006309776430134662,,,1,,,
0.012552011201838909,,-1,0.007882212662818695,,0.9044835321546998,,-1,,,
0.06015061340692066,,-1,0.060293587122336435,0.002029860857874155,0.008753499947488308,,-1,,,
0.011944674976771688,,1,0.010366931907555445,0.31329360119707417,,,-1,,,
0.0599556976627037,,1,0.06002338424727364,0.008040087297558784,,,-1,,,
0.06495852939976388,,1,0.06495852939976388,,,,1,,,
0.03669603058207945,,-1,0.03610101006752016,0.1635983226733515,0.00959426244662609,,1,,,
0.03818578093310817,,1,0.03865459593808933,0.005922784681222931,,,1,,,
0.05444156673681455,,1,0.05378905182966703,0.10947032390625584,,,1,,,
0.012428894182149838,,1,0.012435840866638612,0.009768314022949198,,,1,,,
0.023871270055234817,,1,0.023871270055234817,,,,1,,,
0.009249885950872283,,1,0.009249885950872283,,,,1,,,
0.024357437134625865,,1,0.022358355051280844,0.4061821150535252,,,1,,,
0.045354163081739195,,1,0.045354163081739195,,,,1,,,
0.016713954158618687,,1,0.016713954158618687,,,,1,,,
0.06579521605940108,,-1,0.06719255170039767,0.035528172305186505,0.053077925578691065,,-1,,,
0.08420815928384802,,1,0.08421527067631936,0.08239475420365731,,,1,,,
0.016660537880102428,,1,0.016660537880102428,,,,-1,,,
0.0568601945935363,,-1,0.05693432767747926,,1.1920928244535389e-07,,1,,,
0.026257160675670594,,1,0.026257160675670594,,,,1,,,
0.01149340832901776,,1,0.011503571137357787,0.003698534332215786,,,1,,,
0.07193228835385668,,-1,0.06453020783944773,0.010903069749474525,0.6383727051550523,,-1,,,
0.09491506118360071,,-1,0.08860204904349948,0.018286914564669132,1.3534367308020592,,-1,,,
0.008871510154731274,,1,0.008900466519554399,0.0014876371248343883,,,1,,,
0.006142903641834489,,1,0.006142903641834489,,,,1,,,
0.08416553293358457,,-1,0.08356847372316821,0.03254225130917297,0.31301284255459905,,-1,,,
0.043707056514790565,,1,0.043707056514790565,,,,-1,,,
0.027238660839797053,,1,0.027238660839797053,,,,1,,,
0.025182210668258282,,1,0.025198640155071842,0.012580794282257557,,,1,,,
0.006275528032852288,,1,0.006279650722763286,0.0031134248711168766,,,1,,,
0.01496260721558862,,1,0.015021258450988575,0.0037602212541969493,,,1,,,
0.05256816114796455,,-1,0.052393546748977025,,0.18649740517139435,,-1,,,
0.014352290926879027,,1,0.014352290926879027,,,,-1,,,
0.009437916443409003,,1,0.009437916443409003,,,,1,,,
0.032438556885921344,,-1,0.03080112327262493,,0.4499841282765071,,1,,,
0.003968984388097378,,1,0.003911189007461265,0.01870680645030613,,,1,,,
0.024186492170059637,,1,0.024186492170059637,,,,1,,,
0.007453743542816582,,1,0.007470744808093115,0.0009422589419045835,,,1,,,
0.016193363707276493,,1,0.01554217981991293,0.26559679256752133,,,-1,,,
0.027985870821604752,,-1,0.027955013184188214,0.005313738928331683,0.058495842618678275,,1,,,
0.022572405424421998,,-1,0.022597892657662457,,0.003023697528988123,,-1,,,
0.029170959371690824,,1,0.029170959371690824,,,,1,,,
0.06513867637221911,,-1,0.0643939429235021,,0.25504570579505526,,1,,,
0.07837637343917929,,-1,0.062487862364216024,0.5261212910368158,0.9248080949376648,,-1,,,
0.03863955227699615,,1,0.03863955227699615,,,,1,,,
0.05038619021707428,,1,0.05038619021707428,,,,1,,,
0.0177759837369121,,1,0.0177759837369121,,,,1,,,
0.018080537852645406,,1,0.018080537852645406,,,,1,,,
0.01649470047803092,,1,0.01649470047803092,,,,1,,,
0.02476654108338394,,1,0.023604783234114236,0.24666229029389797,,,-1,,,
0.013915190803060066,,1,0.013915190803060066,,,,1,,,
0.06391848391184436,,1,0.06391848391184436,,,,-1,,,
0.006061599943604297,,1,0.006061599943604297,,,,1,,,
0.010912953994362576,,1,0.010912953994362576,,,,1,,,
0.044311550962350545,,1,0.042815396968518715,0.2343231081789933,,,1,,,
0.04694809655568418,,1,0.04694809655568418,,,,1,,,
0.04282579905887118,,1,0.04282579905887118,,,,1,,,
0.004326766106907816,,-1,0.0032594855681232077,,0.1671937763254391,,-1,,,
0.03666300720252617,,1,0.03666300720252617,,,,1,,,
0.033178264202786543,,-1,0.033210903672415255,,0.008143790997564793,,-1,,,
0.021160422824914704,,-1,0.021369387396201114,0.0014557777405051248,0.0002798642381094396,,-1,,,
0.004331180430092137,,-1,0.00341665707197013,,0.14388744487951044,,-1,,,
0.008609188564810447,,1,0.008609188564810447,,,,1,,,
0.03799324444931577,,-1,0.03725172861825038,0.025738989934325218,0.1825009528537862,,-1,,,
0.00849661146572167,,1,0.00850624564133761,0.0011071987682953477,,,1,,,
0.03819339496195558,,1,0.026082106243054966,4.676816974300891,,,-1,,,
0.07977593250277337,,-1,0.07970942528930233,,0.08609411778252252,,-1,,,
0.0809765208599084,,-1,0.07700956869090207,,0.5847794463237127,,1,,,
0.021142382882919957,,-1,0.021156542844619965,,0.010281692259013653,,1,,,
0.03367888649921191,,1,0.03367888649921191,,,,1,,,
0.04749255001436244,,-1,0.04748718101356926,0.02890070714056492,0.05202915431000292,,-1,,,
0.02153506466671473,,1,0.02153506466671473,,,,1,,,
0.02672887487393834,,-1,0.019045787967932045,,2.96935115987435,,-1,,,
0.039624300247722864,,1,0.039624300247722864,,,,-1,,,
0.0423616526278033,,-1,0.03584670561569227,1.715619618674585,7.271740287251305e-06,,-1,,,
0.012130884484537438,,-1,0.012231735801324368,0.0027291312071611173,0.0012961566681042314,,-1,,,
0.04250438616685711,,1,0.042979564173988995,0.014907509598812724,,,-1,,,
0.01699293619620749,,1,0.01699293619620749,,,,1,,,
0.022093344886389588,,1,0.022093344886389588,,,,1,,,
0.015137168886301566,,1,0.014261776736982498,0.23836216696266396,,,-1,,,
0.07251063176212054,,-1,0.06593066735935096,0.2606549710035324,0.998723478167085,,1,,,
0.005661571263175347,,1,0.005661571263175347,,,,1,,,
0.01467536261124458,,-1,0.0070621384251106705,,1.1764533734152791,,1,,,
0.006782817715342541,,1,0.004908221171563187,0.48480493637907784,,,1,,,
0.027833873501279527,,1,0.023650309410801346,1.6301389201544225,,,1,,,
0.16435423480629177,,-1,0.1489414016242814,0.0002441108226776123,1.8611918551365048,,1,,,
0.04933847442037317,,-1,0.04280378972416882,0.005750896409153938,5.098494529724121,,1,,,
0.014638502485199231,,1,0.014710059236930794,0.0037189421709626913,,,1,,,
0.033858546938819366,,-1,0.03279982360563582,,0.8458993434906006,,-1,,,
0.006322334736864832,,1,0.006326517393223613,0.005255757365375757,,,1,,,
0.014630932592411364,,1,0.013914872319452595,0.2888820171356201,,,-1,,,
0.013945178893557397,,1,0.013945178893557397,,,,1,,,
0.03816332972866299,,1,0.03795363267811687,0.0782154663829715,,,-1,,,
0.06937472202358623,,-1,0.06934938940662802,,0.07421325186260219,,-1,,,
0.053234813370634626,,-1,0.05120670028480571,,1.608797550201416,,-1,,,
0.12136033251679616,,-1,0.12223967774086918,0.0009535383014735999,0.08778646029531956,,-1,,,
0.07849654841848548,,1,0.07849654841848548,,,,1,,,
0.006524768736413833,,1,0.006532856653130886,0.000321336614433676,,,1,,,
0.04352838293675454,,-1,0.04180193347632288,0.07923503500642255,0.3264888529665768,,-1,,,
0.017313553189567326,,1,0.017351269762150453,0.0028681058902293444,,,1,,,
0.038198373631331606,,-1,0.020775607591909752,0.19924501124187372,2.10216515759627,,-1,,,
0.006677917605423171,,1,0.006677917605423171,,,,1,,,
0.01640276938144562,,1,0.01640276938144562,,,,1,,,
0.061444835514198694,,1,0.061444835514198694,,,,1,,,
0.011825992255806975,,-1,0.011820047322068771,,0.0163857564330101,,-1,,,
0.019697371599971092,,1,0.019697371599971092,,,,-1,,,
0.04631353782006128,,1,0.04631353782006128,,,,1,,,
0.018406071648494542,,1,0.018406071648494542,,,,1,,,
0.0054667494911999626,,1,0.005473779387161468,0.0027742993379433756,,,1,,,
0.008926366922786736,,1,0.00861633924977007,0.056236589825130065,,,-1,,,
0.00507951171183274,,1,0.00507951171183274,,,,1,,,
0.03520480337687223,,1,0.03520480337687223,,,,1,,,
0.00995334075148572,,1,0.009964865489052286,0.0011138670379295945,,,1,,,
0.020876155727534613,,-1,0.020906220324898143,0.005611381959170103,0.013111447915434837,,-1,,,
0.01487625998548244,,1,0.015186178264625977,0.0011851642421414213,,,1,,,
0.004016564586588167,,1,0.004016564586588167,,,,1,,,
0.031933906975674255,,-1,0.03149986435807123,0.024332920089364052,0.14500375588734946,,1,,,
0.01297169087313795,,1,0.01297169087313795,,,,1,,,
0.04191382027248913,,-1,0.04286428283585816,0.007590213643834431,0.03878530536470256,,-1,,,
0.00904106958830179,,1,0.00904106958830179,,,,1,,,
0.09763556507249345,,1,0.09763556507249345,,,,1,,,
0.09739544921881442,,-1,0.08990155689174491,0.49796086743784446,1.6002786820754409,,1,,,
0.09136709076512221,,1,0.09095357686091018,0.19681313633918762,,,1,,,
0.005934180724594285,,1,0.005934180724594285,,,,1,,,
0.025120286160963918,,1,0.025120286160963918,,,,-1,,,
0.04829191166441168,,-1,0.04698898179673745,0.5896411761641502,0.01877089834306389,,1,,,
0.015274571408002776,,1,0.015274571408002776,,,,1,,,
